# group|difficulty|form|basis|stem|key|distractor1|distractor2|distractor3|reason
DN|understanding|exception|DN:35:1:a|A chuyển quyền sở hữu một tài sản có đăng ký cho công ty để góp vốn hợp lệ. Người tiếp nhận cho rằng vì phải sang tên nên riêng việc chuyển tài sản góp vốn này luôn chịu lệ phí trước bạ. Chỉ xét Điều 35, phân biệt đúng?|Phải chuyển quyền nhưng việc chuyển tài sản góp vốn không phải chịu lệ phí trước bạ|Không chịu lệ phí nên cũng không cần chuyển quyền|Phải chịu lệ phí vì mọi trường hợp sang tên đều giống nhau|Chỉ được miễn lệ phí khi người góp vốn là Giám đốc|Điểm a khoản 1 Điều 35 đồng thời quy định thủ tục chuyển quyền và việc không chịu lệ phí trước bạ. Miễn khoản thu này không xóa thủ tục chuyển quyền; chức vụ của người góp vốn không phải điều kiện miễn tại điều khoản được hỏi.
DN|understanding|exception|DN:35:4|Chủ doanh nghiệp tư nhân dùng xe thuộc sở hữu của mình vào hoạt động kinh doanh của doanh nghiệp. Người tư vấn yêu cầu chuyển quyền sở hữu xe sang doanh nghiệp như góp vốn vào công ty TNHH. Chỉ xét Điều 35, nhận định nào đúng?|Tài sản dùng vào hoạt động kinh doanh của chủ DNTN không phải làm thủ tục chuyển quyền sở hữu cho doanh nghiệp|Luôn phải sang tên như góp vốn vào công ty TNHH|Chỉ miễn sang tên khi xe có giá trị dưới vốn đăng ký|Phải chuyển quyền sang người quản lý được thuê|Khoản 4 Điều 35 quy định riêng cho chủ doanh nghiệp tư nhân. Không áp dụng máy móc cơ chế chuyển tài sản sang công ty; người quản lý được thuê cũng không trở thành chủ tài sản chỉ vì quản lý hoạt động.
DN|application|short_case|DN:35:1:b;DN:35:2|A góp máy móc không phải đăng ký quyền sở hữu vào công ty; việc góp vốn không thực hiện qua tài khoản. Các bên chỉ ghi số tiền trong sổ kế toán, chưa giao nhận máy và chưa lập biên bản. Việc cần bổ sung theo Điều 35 là gì?|Giao nhận tài sản và xác nhận bằng biên bản có nội dung luật định|Chỉ cần chứng thực chữ ký của kế toán|Chỉ cần định giá lại máy mỗi tháng|Chỉ cần đổi tên người góp vốn trên hóa đơn mua máy|Đối với tài sản không đăng ký quyền sở hữu, điều luật yêu cầu giao nhận và biên bản, trừ việc thực hiện qua tài khoản. Sổ kế toán không thay thế việc giao nhận thực tế và xác nhận của các chủ thể có thẩm quyền.
DN|application|short_case|DN:36:2|Ba sáng lập viên tự định giá tài sản góp vốn khi thành lập, không thuê tổ chức thẩm định giá. Hai người đồng ý giá 5 tỷ, một người phản đối; họ muốn lấy biểu quyết đa số để chốt giá. Chỉ xét phương thức tự định giá này, đúng không?|Không; tự định giá của sáng lập viên phải theo nguyên tắc đồng thuận|Được vì hai trên ba người là đa số|Được vì chỉ người góp tài sản cần đồng ý|Được vì ngưỡng trên 50% áp dụng cho mọi phương thức định giá|Khoản 2 phân biệt tự định giá theo đồng thuận với chấp thuận kết quả của tổ chức thẩm định giá theo ngưỡng trên 50%. Câu đã loại tổ chức thẩm định giá, nên không lấy ngưỡng của phương thức đó áp sang nhóm sáng lập viên tự định giá.
DN|advanced|integrated|DN:36:2|Tài sản góp vốn khi thành lập được các sáng lập viên cố ý định giá 6 tỷ, thực tế 4 tỷ, gây thêm thiệt hại đã chứng minh. Hướng trách nhiệm theo Điều 36 là gì?|Liên đới góp thêm 2 tỷ chênh lệch và liên đới chịu trách nhiệm về thiệt hại do cố ý định giá cao|Chỉ người góp tài sản phải góp thêm, những sáng lập viên khác được miễn|Chỉ bồi thường thiệt hại, không phải góp thêm chênh lệch|Chỉ điều chỉnh sổ kế toán xuống 4 tỷ là đủ mọi nghĩa vụ|Điều 36 tách hai hệ quả: cùng liên đới góp phần chênh lệch và liên đới chịu trách nhiệm thiệt hại do cố ý định giá cao. Điều chỉnh trên giấy không tự hoàn thành nghĩa vụ góp bổ sung hoặc bồi thường.
DN|understanding|short_case|DN:75:2|Chủ công ty TNHH một thành viên đang trong thời hạn góp vốn; có 20 ngày làm thủ tục hành chính chuyển quyền sở hữu tài sản góp vốn. Chỉ xét cách tính 90 ngày theo Điều 75, xử lý 20 ngày này thế nào?|Không tính thời gian thực hiện thủ tục hành chính chuyển quyền sở hữu vào thời hạn góp vốn|Tính đủ vì mọi thời gian từ ngày cấp đăng ký đều phải tính|Chỉ loại nếu tài sản được góp là tiền mặt|Tự động cộng thêm 90 ngày mới sau khi hoàn tất chuyển quyền|Luật loại thời gian vận chuyển, nhập khẩu và làm thủ tục hành chính chuyển quyền sở hữu tài sản. Đây là loại trừ thời gian thực tế tương ứng, không phải cho một thời hạn 90 ngày mới tùy ý.
DN|application|workflow|DN:75:3|Hết thời hạn phải góp vốn, chủ công ty TNHH một thành viên mới góp 3 tỷ trong 5 tỷ cam kết. Không có thời gian được loại trừ còn lại. Theo Điều 75, việc đăng ký cần làm là gì?|Đăng ký thay đổi vốn điều lệ bằng 3 tỷ đã góp trong 30 ngày từ ngày cuối cùng phải góp đủ|Giữ vốn 5 tỷ đến khi có lợi nhuận bù vào|Tự gia hạn thời hạn góp vốn thêm một năm bằng quyết định chủ sở hữu|Đăng ký vốn bằng 2 tỷ chưa góp|Đăng ký phải phản ánh giá trị thực góp, không phải phần thiếu. Việc chưa góp đủ không được khắc phục chỉ bằng quyết định tự gia hạn; nghĩa vụ tài chính phát sinh trong khoảng luật định còn phải xét theo vốn cam kết.
DN|application|short_case|DN:75:3|Chủ công ty TNHH một thành viên cam kết 5 tỷ nhưng góp 3 tỷ, sau đó đăng ký giảm vốn đúng thủ tục. Chủ sở hữu cho rằng giảm vốn xóa trách nhiệm theo 5 tỷ đối với nghĩa vụ tài chính phát sinh trước ngày cuối cùng phải đăng ký thay đổi vốn. Chỉ xét khoản 3 Điều 75, đúng không?|Không; vẫn chịu trách nhiệm tương ứng vốn cam kết đối với nghĩa vụ trong khoảng thời gian luật định|Đúng vì đăng ký giảm vốn có hiệu lực xóa ngược mọi nghĩa vụ|Đúng nếu chủ sở hữu không còn giữ bản đăng ký cũ|Chỉ phải chịu trách nhiệm theo 2 tỷ còn thiếu trong mọi trường hợp|Khoản 3 duy trì trách nhiệm tương ứng phần vốn cam kết với các nghĩa vụ tài chính phát sinh trong khoảng đã nêu. Đăng ký giảm vốn phản ánh thực góp cho cơ cấu vốn nhưng không tự xóa trách nhiệm đối với nghĩa vụ trước đó.
DN|understanding|short_case|DN:55:2:d|Công ty TNHH hai thành viên bán một tài sản bằng đúng 50% tổng tài sản trong báo cáo tài chính công bố gần nhất. Điều lệ không đặt ngưỡng thấp hơn. Việc thông qua thuộc thẩm quyền nào theo Điều 55?|Hội đồng thành viên|Giám đốc tự quyết vì chỉ trên 50% mới cần Hội đồng thành viên|Kế toán trưởng vì tài sản có trong báo cáo tài chính|Từng thành viên tự ký riêng phần giá trị vốn của mình|Điểm d dùng ngưỡng từ 50%, nên trường hợp bằng đúng 50% đã thuộc quyền thông qua của Hội đồng thành viên. Quyền thông qua giao dịch phải được phân biệt với tư cách người đại diện ký hợp đồng.
DN|advanced|integrated|DN:55:2:d;DN:12:1|Hội đồng thành viên đã thông qua hợp đồng bán tài sản thuộc thẩm quyền. Công ty chỉ có một người đại diện theo pháp luật là Giám đốc; Chủ tịch Hội đồng không được ủy quyền nhưng nói nghị quyết cho mình đương nhiên quyền ký thay công ty. Cần kiểm tra gì?|Phân biệt chấp thuận giao dịch với đại diện ký; nghị quyết không tự biến Chủ tịch thành người có quyền đại diện|Chủ tịch luôn được ký mọi hợp đồng đã được Hội đồng thông qua|Mỗi thành viên phải ký hợp đồng theo tỷ lệ vốn góp|Giám đốc không được ký vì không phải Chủ tịch Hội đồng|Điều 55 quy định quyền quyết định nội bộ, còn Điều 12 xác định người đại diện thực hiện quyền, nghĩa vụ từ giao dịch. Với giả thiết chỉ Giám đốc là đại diện và không có ủy quyền, không suy quyền ký của Chủ tịch từ việc Hội đồng đã chấp thuận.
DN|application|short_case|DN:167:2;DN:167:3:a|Công ty cổ phần giao dịch với người có liên quan thuộc khoản 1 Điều 167; giá trị bằng đúng 35% tổng tài sản trong báo cáo gần nhất, điều lệ không đặt ngưỡng thấp hơn. Không thuộc ngoại lệ giao dịch đặc biệt khác. Cơ quan chấp thuận là ai?|Đại hội đồng cổ đông|Hội đồng quản trị vì ngưỡng của Hội đồng là không quá 35%|Ban kiểm soát vì đối tượng có liên quan|Giám đốc tự chấp thuận vì là người ký|Khoản 2 chỉ giao Hội đồng quản trị chấp thuận giá trị nhỏ hơn 35%. Bằng đúng 35% nằm ngoài nhóm đó và thuộc Đại hội đồng cổ đông theo khoản 3; không nhầm nhỏ hơn với không quá.
DN|advanced|integrated|DN:167:5|Giao dịch giữa công ty cổ phần và người có liên quan đã bị Tòa án tuyên vô hiệu vì ký không đúng Điều 167. Người ký và cổ đông có liên quan có lợi thu được, thiệt hại phát sinh đã được xác định. Hướng xử lý theo khoản 5 là gì?|Các chủ thể có liên quan luật định liên đới bồi thường thiệt hại và hoàn trả cho công ty khoản lợi thu được|Chỉ hoàn trả lợi ích, không bao giờ bồi thường vì giao dịch vô hiệu|Mọi cổ đông kể cả không liên quan đều tự động phải trả toàn bộ thiệt hại|Lợi thu được vẫn thuộc người nhận nếu họ đã nộp thuế|Khoản 5 đặt trách nhiệm lên người ký và các chủ thể có liên quan được liệt kê, không lên toàn bộ cổ đông một cách mặc định. Tòa án đã tuyên vô hiệu trong giả thiết; bồi thường thiệt hại và hoàn trả khoản lợi là hai hệ quả cần xét, việc nộp thuế không xóa chúng.
DN|understanding|short_case|DN:167:2|Một thành viên Hội đồng quản trị có lợi ích liên quan đến bên trong giao dịch đang xin Hội đồng chấp thuận theo khoản 2 Điều 167. Người này đề nghị vẫn biểu quyết vì đã công khai lợi ích. Cách xử lý đúng?|Không cho thành viên có lợi ích liên quan biểu quyết về giao dịch đó|Cho biểu quyết sau khi công khai lợi ích|Cho biểu quyết nhưng mỗi phiếu chỉ tính một nửa|Cho biểu quyết nếu là Chủ tịch Hội đồng quản trị|Công khai lợi ích là việc cần làm nhưng không thay điều kiện loại trừ biểu quyết. Khoản 2 quy định thành viên Hội đồng quản trị có lợi ích liên quan không có quyền biểu quyết đối với việc chấp thuận này.
DN|advanced|integrated|DN:127:3;DN:127:6|Cổ đông chết; A được xác định hợp pháp là người thừa kế cổ phần nhưng thông tin của A chưa ghi đầy đủ vào sổ đăng ký cổ đông. Công ty yêu cầu A mua lại chính số cổ phần thừa kế mới được ghi nhận. Phân biệt đúng?|Thừa kế là căn cứ nhận cổ phần; cần hoàn tất ghi sổ theo luật, không phải mua lại cổ phần để tạo căn cứ nhận|A phải mua lại vì cổ phần không thể thừa kế|A chỉ được nhận tiền, không thể trở thành cổ đông|A phải làm Giám đốc trước rồi mới được ghi sổ|Khoản 3 cho người thừa kế theo di chúc hoặc pháp luật trở thành cổ đông; khoản 6 quy định mốc ghi đủ thông tin trong sổ. Cần phân biệt căn cứ nhận cổ phần với thủ tục ghi nhận, không đặt thêm điều kiện mua lại hoặc giữ chức vụ quản lý.
DN|understanding|short_case|DN:127:5;DN:127:6|A được tặng cho cổ phần hợp lệ nhưng thông tin của A chưa được ghi đầy đủ vào sổ đăng ký cổ đông. Chỉ xét mốc trở thành cổ đông theo Điều 127, nhận định nào đúng?|Chưa đạt mốc luật định; phải ghi đầy đủ thông tin vào sổ đăng ký cổ đông|Trở thành cổ đông ngay khi bên tặng ký dù chưa ghi sổ|Chỉ trở thành cổ đông khi được bổ nhiệm làm quản lý|Chỉ trở thành cổ đông nếu việc tặng cho có trả tiền|Quyền tặng cho cổ phần không đồng nhất với mốc ghi nhận tư cách cổ đông. Khoản 6 yêu cầu thông tin của người nhận được ghi đầy đủ vào sổ đăng ký; không đặt thêm điều kiện phải giữ chức vụ quản lý hoặc trả tiền.
DN|application|short_case|DN:213:2|Hồ sơ chấm dứt hoạt động chi nhánh có thông tin không trung thực. Người đại diện theo pháp luật của doanh nghiệp nói người đứng đầu chi nhánh tự ký nên mình không phải chịu trách nhiệm về hồ sơ. Chỉ xét khoản 2 Điều 213, đúng không?|Không; hai người liên đới chịu trách nhiệm về tính trung thực, chính xác của hồ sơ|Đúng vì chỉ người đứng đầu chi nhánh chịu trách nhiệm|Đúng nếu chi nhánh ở khác tỉnh trụ sở chính|Đúng nếu doanh nghiệp đã thanh toán nợ thuế chi nhánh|Điều 213 tách trách nhiệm về hồ sơ khỏi trách nhiệm thực hiện hợp đồng và trả nợ. Khoản 2 quy định người đại diện doanh nghiệp và người đứng đầu chi nhánh liên đới về trung thực, chính xác; địa bàn và thanh toán thuế không tự xóa trách nhiệm này.
CT|understanding|short_case|CT:3:3;CT:23:1|A chứng thực chữ ký trên bản khai rồi khẳng định cơ quan chứng thực đã xác nhận mọi thông tin trong bản khai là đúng. Phân biệt nào chính xác?|Chứng thực chữ ký chứng minh A đã ký; A vẫn chịu trách nhiệm về nội dung bản khai|Chứng thực chữ ký làm mọi nội dung trở thành sự thật được cơ quan bảo đảm|Chứng thực chữ ký chỉ xác nhận bản khai được photocopy đúng|Chứng thực chữ ký chuyển trách nhiệm nội dung sang người tiếp nhận hồ sơ|Giá trị chứng thực chữ ký là chứng minh chữ ký thuộc người yêu cầu và làm căn cứ xác định trách nhiệm của người ký. Không đồng nhất với chứng thực bản sao hoặc việc cơ quan xác minh toàn bộ nội dung khai báo.
CT|understanding|short_case|CT:6:1|Một thủ tục chỉ quy định nộp bản sao giấy tờ. Cơ quan tiếp nhận yêu cầu mọi bản sao phải được chứng thực, không viện dẫn quy định riêng khác. Theo Điều 6, yêu cầu này đúng không?|Không; không được tự bắt buộc bản sao có chứng thực khi pháp luật chỉ yêu cầu bản sao|Đúng vì mọi bản sao đều phải chứng thực trước khi nộp|Đúng nếu cơ quan không có máy photocopy|Đúng nếu hồ sơ có nhiều hơn một trang|Quy định về thành phần hồ sơ quyết định loại bản sao cần nộp. Khi chỉ cần bản sao, cơ quan có thể yêu cầu bản chính hoặc bản sao từ sổ gốc để đối chiếu, hoặc xác minh khi có căn cứ; không được tự nâng thành yêu cầu chứng thực bắt buộc.
CT|application|exception|CT:6:2|Thủ tục yêu cầu bản sao có chứng thực; A nộp đúng loại này nhưng có dấu hiệu cụ thể bản sao giả mạo. Cơ quan có thể yêu cầu bản chính để đối chiếu không?|Có, đây là ngoại lệ khi có căn cứ về bản sao giả mạo hoặc bất hợp pháp|Không, bản sao đã chứng thực thì không được kiểm tra trong mọi trường hợp|Chỉ được yêu cầu nếu A đồng ý trước bằng văn bản|Chỉ được đối chiếu sau khi Tòa án tuyên bản sao vô hiệu|Quy tắc không đòi bản chính khi đã nộp đúng bản sao chứng thực có ngoại lệ về giả mạo, bất hợp pháp. Phải có căn cứ thực tế; không được dùng ngoại lệ để yêu cầu bản chính một cách mặc định cho mọi hồ sơ.
CT|understanding|short_case|CT:6:3|Pháp luật cho phép dùng tài liệu được cấp dưới dạng điện tử; bản điện tử hợp lệ đã nộp, không có căn cứ giả mạo. Cơ quan yêu cầu in giấy rồi chứng thực để tiếp nhận. Cách xử lý đúng?|Tiếp nhận và sử dụng bản điện tử; không tự yêu cầu thêm bản giấy hoặc bản sao chứng thực|Bắt buộc in và chứng thực mọi bản điện tử|Chỉ nhận nếu tài liệu điện tử có giá trị dưới một mức tiền|Chỉ nhận bản điện tử để tham khảo, còn hồ sơ luôn phải giấy|Khoản 3 Điều 6 đã được sửa đổi để cơ quan sử dụng bản điện tử theo quy định. Không có căn cứ bất hợp pháp thì không tự chuyển thành yêu cầu giấy; cần tách điều kiện hợp lệ của bản điện tử với thói quen xử lý hồ sơ giấy.
CT|application|workflow|CT:9:8;CT:9:9|Dữ liệu giấy tờ thuộc thành phần hồ sơ chứng thực đã có trong cơ sở dữ liệu được công bố, nhưng khi khai thác thấy thiếu thông tin quyết định. Bước xử lý phù hợp?|Yêu cầu bổ sung thành phần hồ sơ và đề nghị cập nhật, điều chỉnh dữ liệu theo luật|Vẫn chứng thực ngay vì chỉ cần cơ sở dữ liệu đã được công bố|Từ chối vĩnh viễn vì dữ liệu thiếu không được bổ sung|Yêu cầu nộp lại mọi giấy tờ dù phần dữ liệu khác đã đầy đủ, chính xác|Điều 9 phân biệt việc không yêu cầu giấy tờ khi có dữ liệu với trường hợp không khai thác được hoặc dữ liệu thiếu, sai. Trường hợp sau cần bổ sung để giải quyết và đề nghị cập nhật dữ liệu; không chứng thực dựa trên thông tin chưa đủ.
CT|understanding|short_case|CT:22:2|Bản chính bằng tốt nghiệp bị rách, mất phần tên người được cấp nên không xác định được nội dung. A muốn chứng thực bản sao bằng cách tự điền tên theo trí nhớ. Xử lý đúng?|Không dùng bản chính này làm cơ sở chứng thực bản sao|Chứng thực sau khi A viết bổ sung tên bằng tay|Chứng thực nếu có một người làm chứng xác nhận tên|Chứng thực nhưng bỏ phần tên người được cấp|Chứng thực bản sao phải dựa trên nội dung xác định được của bản chính. Bản chính hư hỏng không xác định nội dung thuộc Điều 22; lời nhớ hoặc người làm chứng không thay một bản chính hợp lệ làm căn cứ đối chiếu.
CT|understanding|exception|CT:22:3|Bản chính không đóng dấu mật nhưng ghi rõ không được sao chụp. A cho rằng chỉ tài liệu đóng dấu mật mới bị cấm chứng thực bản sao. Theo Điều 22, kết luận nào đúng?|Vẫn không được dùng làm cơ sở chứng thực bản sao|Được vì không có dấu mật|Được nếu chỉ chụp một bản|Được nếu xóa dòng không được sao chụp khỏi bản sao|Khoản 3 liệt kê hai trường hợp độc lập: có dấu mật, hoặc không có dấu mật nhưng ghi rõ không được sao chụp. Không được bỏ dòng hạn chế để biến tài liệu không đủ điều kiện thành bản chính dùng cho chứng thực.
CT|application|exception|CT:20:1;CT:22:5|Giấy tờ do cơ quan nước ngoài cấp chưa hợp pháp hóa lãnh sự, nhưng đã xác định thuộc miễn theo điều ước quốc tế mà Việt Nam là thành viên. Không có trở ngại khác. Riêng thiếu hợp pháp hóa có buộc từ chối bản sao không?|Không; phải áp dụng ngoại lệ miễn hợp pháp hóa đã xác định|Có; mọi giấy nước ngoài đều phải hợp pháp hóa không có ngoại lệ|Có; chỉ giấy do cá nhân tự lập mới được miễn|Không; vì hiểu ngoại ngữ tự làm mọi giấy nước ngoài được miễn|Phải đọc khoản 1 Điều 20 cùng ngoại lệ về điều ước hoặc nguyên tắc có đi có lại. Căn cứ miễn đã được xác định trong câu; hiểu ngoại ngữ không phải căn cứ miễn, và cũng không thể bắt hợp pháp hóa bất chấp ngoại lệ luật định.
CT|understanding|short_case|CT:22:6|A tự lập một văn bản, chưa có xác nhận và đóng dấu của cơ quan có thẩm quyền, yêu cầu chứng thực bản sao từ văn bản này. Không phải yêu cầu chứng thực chữ ký. Xử lý đúng?|Không dùng văn bản tự lập này làm cơ sở chứng thực bản sao theo Điều 22|Chứng thực bản sao vì A là tác giả văn bản|Chứng thực bản sao nếu A ký trước mặt người tiếp nhận|Chứng thực bản sao nếu có người thân xác nhận chữ viết|Cần xác định đúng thủ tục A yêu cầu. Khoản 6 Điều 22 không cho dùng văn bản tự lập thiếu xác nhận và dấu làm bản chính để chứng thực bản sao; thủ tục chứng thực chữ ký có điều kiện và giá trị pháp lý riêng.
CT|application|short_case|CT:24:2;CT:25:1|A có giấy tờ nhân thân hợp lệ nhưng tại thời điểm chứng thực chữ ký không nhận thức và làm chủ hành vi. Người nhà đề nghị vẫn chứng thực vì A đã ký từ hôm qua. Cách xử lý đúng?|Không chứng thực chữ ký trong tình trạng đã nêu|Chứng thực vì giấy tờ nhân thân đủ thay điều kiện nhận thức|Chứng thực nếu người nhà cùng ký xác nhận|Chứng thực vì chữ ký hôm qua được ưu tiên hơn tình trạng hiện tại|Điều kiện phải kiểm tra tại thời điểm chứng thực, không chỉ lúc chữ ký được viết trước đó. Giấy tờ nhân thân và cam đoan của gia đình không loại bỏ trường hợp không được chứng thực chữ ký tại khoản 1 Điều 25.
CT|application|short_case|CT:24:4:d;CT:25:4|Giấy ủy quyền chỉ nhờ B nhận hồ sơ, không có thù lao, không có nghĩa vụ bồi thường của B, không liên quan chuyển quyền sở hữu hay quyền sử dụng BĐS. Các điều kiện khác đều đủ. Chỉ xét loại văn bản, thủ tục nào có thể áp dụng?|Chứng thực chữ ký trên giấy ủy quyền theo ngoại lệ luật định|Bắt buộc coi mọi giấy ủy quyền là hợp đồng bán tài sản|Bắt buộc công chứng vì mọi đại diện đều phải công chứng|Không được chứng thực chữ ký vì mọi giấy có nội dung ủy quyền đều bị cấm|Ngoại lệ ở điểm d khoản 4 Điều 24 phải đáp ứng đồng thời các điều kiện đã nêu. Câu giới hạn một việc nhận hồ sơ, không biến ngoại lệ này thành cho phép chứng thực chữ ký trên mọi hợp đồng ủy quyền hoặc chuyển nhượng.
CT|application|exception|CT:24:4:d;CT:25:4|A đề nghị chứng thực riêng chữ ký trên hợp đồng ủy quyền có thù lao cho B bán nhà; không có quy định khác cho phép chứng thực chữ ký loại hợp đồng này. Chỉ xét thủ tục được đề nghị, xử lý đúng?|Không áp dụng chứng thực chữ ký; phải hướng dẫn thủ tục giao dịch phù hợp|Chứng thực chữ ký vì văn bản được đặt tên giấy ủy quyền|Chứng thực chữ ký nếu thù lao được trả sau|Chứng thực chữ ký nếu B chưa tìm được người mua|Nội dung giao dịch, không phải tên gọi, quyết định cách xử lý. Hợp đồng có thù lao và liên quan chuyển quyền BĐS không thuộc ngoại lệ chứng thực chữ ký; điều kiện trả tiền sau hoặc chưa có người mua không làm thay bản chất đó.
CT|understanding|short_case|CT:5:4|Một CCV cho rằng quyền chứng thực của mình chỉ có bản sao và chữ ký thông thường, nên loại mọi yêu cầu chứng thực chữ ký người dịch khỏi thẩm quyền. Chỉ xét Điều 5 hiện hành, đánh giá đúng?|CCV còn có thẩm quyền chứng thực chữ ký người dịch theo điểm c khoản 1 được khoản 4 dẫn chiếu|Đúng vì chữ ký người dịch chỉ thuộc cơ quan đại diện ở nước ngoài|Đúng vì dịch thuật luôn nằm ngoài mọi thủ tục chứng thực|CCV chỉ có thể làm nếu được Chủ tịch xã bổ nhiệm làm người dịch|Khoản 4 dẫn chiếu cả điểm a, b và c khoản 1, gồm chữ ký người dịch. Có thẩm quyền không có nghĩa bỏ qua tiêu chuẩn người dịch hoặc các điều kiện tài liệu; cũng không cần biến CCV thành người dịch do xã bổ nhiệm.
CT|application|short_case|CT:27:1;CT:27:2|Người dịch một ngôn ngữ không phổ biến có năng lực hành vi đầy đủ, thông thạo ngôn ngữ nhưng không có bằng đại học theo nhóm thông thường. Chỉ xét ngoại lệ tiêu chuẩn tại Điều 27, có loại chỉ vì thiếu bằng không?|Không; ngôn ngữ không phổ biến có ngoại lệ yêu cầu thông thạo|Có; không có bằng thì không có bất kỳ ngoại lệ nào|Không; vì mọi người có năng lực hành vi đều tự đáp ứng tiêu chuẩn dịch|Có; ngoại lệ chỉ áp dụng cho người có bằng tiến sĩ luật|Ngoại lệ về ngôn ngữ không phổ biến không xóa điều kiện năng lực hành vi và thông thạo. Cần xác minh đúng ngôn ngữ, khả năng dịch và thủ tục áp dụng; không thể loại chỉ vì thiếu bằng, cũng không thể mặc nhiên nhận mọi người đủ năng lực dân sự.
CT|understanding|short_case|CT:9:7|Hồ sơ chứng thực bị từ chối. Người thực hiện chỉ nói miệng không làm, không giải thích rõ lý do bằng văn bản. Người yêu cầu đề nghị được nhận lý do. Nghĩa vụ đúng là gì?|Giải thích rõ lý do từ chối bằng văn bản|Chỉ cần nói miệng vì chứng thực không phải công chứng|Chỉ giải thích nếu người yêu cầu khởi kiện|Chỉ ghi lý do vào sổ nội bộ, không cung cấp cho người yêu cầu|Khoản 7 Điều 9 quy định rõ hình thức giải thích bằng văn bản khi từ chối chứng thực. Không lấy quy tắc giải thích trong một thủ tục khác để bỏ nghĩa vụ này; sổ nội bộ không thay việc giải thích cho người yêu cầu.
CT|advanced|integrated|CT:5:6;CT:35:2;CT:36:3|Hai cá nhân đang ở xã X xin chứng thực hợp đồng bán nhà ở xã Y; người bán không đọc được. Giả sử giao dịch thuộc thẩm quyền chứng thực cấp xã và không thuộc ngoại lệ địa bàn. Chuỗi xử lý nào đúng?|Đến UBND cấp xã nơi có nhà và bảo đảm hai người làm chứng đủ điều kiện|Đến xã nơi người bán cư trú và chỉ cần một người làm chứng theo Luật Công chứng|Đến bất kỳ xã nào vì người bán đã đồng ý và không cần người làm chứng|Đến xã nơi có nhà nhưng người mua được làm người làm chứng duy nhất|Phải áp dụng đúng thủ tục chứng thực: địa bàn theo nơi có nhà và số người làm chứng theo khoản 3 Điều 36. Không nhập yêu cầu một người làm chứng trong thủ tục công chứng vào chứng thực; bên mua có lợi ích liên quan không đủ điều kiện làm chứng.
DD|understanding|short_case|CC:9:1:d|Môi giới đề nghị trả riêng tiền cho CCV để CCV từ chối hồ sơ của khách đang làm ở nơi khác. CCV cho rằng chỉ tiền khách hàng trả mới bị cấm. Chỉ xét khoản tiền môi giới, đánh giá nào đúng?|Bị cấm nhận lợi ích từ người thứ ba để thực hiện hoặc không thực hiện công chứng|Được nhận vì người trả không phải người yêu cầu công chứng|Được nhận nếu CCV ghi thành giá dịch vụ soạn thảo|Được nhận nếu chưa thu phí công chứng của khách|Điểm d khoản 1 Điều 9 bao gồm lợi ích từ người thứ ba, không chỉ khoản khách trả. Việc đặt tên khoản tiền thành giá dịch vụ không đổi mục đích chi trả để tác động quyết định thực hiện hoặc từ chối công chứng.
DD|application|short_case|CC:9:1:i|CCV công chứng mua bán nhà và thỏa thuận hưởng 1% lợi nhuận nếu bên mua bán lại có lãi. Khoản này không phải phí, giá dịch vụ hay chi phí đã thỏa thuận cho công chứng. Đánh giá đúng?|Không được tham gia chia lợi nhuận trong giao dịch mình công chứng|Được nếu lợi nhuận phát sinh sau khi công chứng xong|Được nếu bên mua tự nguyện trả và không khiếu nại|Được nếu giao dịch nhà có hiệu lực và không tranh chấp|Điều 9 cấm hoạt động môi giới, đại lý hoặc tham gia chia lợi nhuận trong giao dịch mình công chứng. Chờ lợi nhuận phát sinh về sau hoặc sự đồng ý của bên mua không loại bỏ xung đột và lệnh cấm nghề nghiệp.
DD|understanding|short_case|CC:9:1:a;CC:18:2:e|Khách chỉ đồng ý miệng cho CCV đưa nội dung hồ sơ lên mạng để quảng bá; chưa có đồng ý bằng văn bản và không có quy định khác cho phép tiết lộ. Hướng xử lý đúng?|Không tiết lộ dựa riêng vào đồng ý miệng; ngoại lệ đồng ý phải bằng văn bản|Được tiết lộ vì đã có đồng ý miệng|Được tiết lộ nếu hồ sơ đã công chứng xong|Được tiết lộ nếu bỏ tên tổ chức công chứng nhưng còn nhận diện khách|Quy định bảo mật gắn ngoại lệ với sự đồng ý bằng văn bản hoặc căn cứ pháp luật khác. Câu đã loại căn cứ khác; việc hoàn tất hồ sơ và đổi cách đăng tải không tự tạo quyền công khai nội dung vẫn nhận diện khách hàng.
DD|understanding|exception|CC:9:1:a;CC:18:2:e|Khách đã đồng ý bằng văn bản cho CCV cung cấp đúng một phần nội dung cho luật sư của khách. CCV muốn dùng giấy đó để đăng toàn bộ hồ sơ lên mạng. Đánh giá nào đúng?|Phải tuân thủ phạm vi đồng ý; không suy ra quyền công khai toàn bộ cho mọi người|Mọi đồng ý bằng văn bản đều cho phép đăng toàn bộ hồ sơ|Chỉ cần luật sư đã nhận thì nội dung tự trở thành công khai|Có thể đăng toàn bộ nếu giao dịch có đối tượng là tài sản riêng|Ngoại lệ đồng ý không phải giấy phép không giới hạn. Phải xác định nội dung, người nhận và mục đích trong phạm vi khách chấp thuận; loại tài sản trong giao dịch không quyết định việc được tiết lộ ra ngoài phạm vi ấy.
DD|understanding|short_case|CC:9:2:b|Văn phòng công chứng muốn thuê một căn phòng khác ngoài trụ sở, treo tên điểm giao dịch và nhận khách thường xuyên tại đó. Văn phòng cho rằng không gọi là chi nhánh thì được phép. Đánh giá đúng?|Bị cấm mở cơ sở hoặc địa điểm giao dịch khác ngoài trụ sở dù đặt tên gì|Được nếu không dùng từ chi nhánh|Được nếu chỉ nhận hồ sơ mà chưa ký công chứng tại đó|Được nếu chủ nhà đồng ý và có hợp đồng thuê|Lệnh cấm bao gồm chi nhánh, văn phòng đại diện, cơ sở và địa điểm giao dịch khác ngoài trụ sở. Không thể đổi tên hoặc giới hạn hoạt động ở bước nhận khách để bỏ qua phạm vi cấm; hợp đồng thuê không tạo quyền nghề nghiệp.
DD|application|short_case|CC:9:2:c;CC:15:1|CCV đang bị tạm đình chỉ hành nghề, văn phòng vẫn giao ký chứng nhận vì thiếu người và các bên tự nguyện. Trách nhiệm của văn phòng theo Điều 9 thế nào?|Không được cho CCV đang bị tạm đình chỉ thực hiện công chứng, chứng thực tại tổ chức|Được cho ký nếu các bên tự nguyện và không tranh chấp|Được cho ký nếu trưởng văn phòng ký xác nhận lại|Được cho ký nếu CCV không thu thù lao cá nhân|Tình trạng tạm đình chỉ là trở ngại hành nghề, không được bù bằng sự đồng ý của khách hoặc chữ ký trưởng văn phòng. Khoản 2 Điều 9 cấm chính tổ chức cho người đang bị đình chỉ làm công chứng, chứng thực.
DD|understanding|short_case|CC:39:1;CC:39:2|Văn phòng muốn thay bảo hiểm trách nhiệm nghề nghiệp bằng bản cam kết CCV tự bồi thường, được tất cả CCV ký. Chỉ xét nghĩa vụ mua bảo hiểm, xử lý đúng?|Vẫn phải mua bảo hiểm bắt buộc cho CCV và duy trì trong suốt thời gian hoạt động|Được thay bằng cam kết nếu mọi CCV đồng ý|Chỉ cần mua khi có hồ sơ bất động sản|Chỉ cần mua sau lần bồi thường đầu tiên|Bảo hiểm trách nhiệm nghề nghiệp là bắt buộc và tổ chức có nghĩa vụ mua, duy trì. Cam kết bồi thường có thể liên quan quan hệ trách nhiệm nhưng không thay nghĩa vụ bảo hiểm; pháp luật không chỉ buộc mua sau khi đã có thiệt hại.
DD|application|short_case|CC:40:1|Nhân viên văn phòng có lỗi trong quá trình công chứng, gây thiệt hại đã xác định cho một người không phải khách yêu cầu công chứng. Văn phòng vẫn hoạt động, nói chỉ bồi thường cho khách. Kết luận đúng?|Tổ chức phải bồi thường cả cho cá nhân, tổ chức khác bị thiệt hại do lỗi trong quá trình công chứng|Chỉ nhân viên bồi thường vì nạn nhân không phải khách|Không ai bồi thường vì người bị thiệt hại không ký giao dịch|Chỉ bồi thường nếu nhân viên đồng thời là CCV|Khoản 1 Điều 40 bảo vệ cả người yêu cầu và cá nhân, tổ chức khác. Khi lỗi nhân viên gây thiệt hại trong quá trình công chứng đã xác định và tổ chức còn hoạt động, không thu hẹp trách nhiệm theo tư cách người ký hoặc chức danh CCV.
DD|advanced|integrated|CC:40:1;CC:40:2|Văn phòng X hợp nhất vào Y. Thiệt hại do lỗi CCV của X xảy ra trước hợp nhất đã xác định; Y là tổ chức kế thừa quyền, nghĩa vụ. CCV này đã nghỉ nghề. Cách phân biệt trách nhiệm đúng?|Y bồi thường với tư cách kế thừa; người gây thiệt hại vẫn có nghĩa vụ hoàn trả theo luật dù đã nghỉ|Khách chỉ được yêu cầu X, việc hợp nhất làm mất yêu cầu đối với Y|Y được miễn vì CCV đã nghỉ nghề|Người gây thiệt hại chỉ hoàn trả nếu vẫn là CCV khi Y trả tiền|Luật quy định trách nhiệm của tổ chức kế thừa khi hợp nhất và nghĩa vụ hoàn trả của người trực tiếp gây thiệt hại. Nghỉ nghề không xóa nghĩa vụ hoàn trả; cần phân biệt bồi thường cho người bị thiệt hại với hoàn trả nội bộ.
DD|advanced|exception|CC:40:1|Văn phòng đã chấm dứt hoạt động; nhân viên trực tiếp gây thiệt hại do lỗi trong công chứng đã nghỉ việc. Người này cho rằng hết hợp đồng lao động thì không còn trách nhiệm. Chỉ xét trường hợp tổ chức đã chấm dứt, kết luận đúng?|Người trực tiếp gây thiệt hại phải tự bồi thường, kể cả không còn là nhân viên tổ chức công chứng|Mọi trách nhiệm chuyển tự động sang Hội công chứng viên|Không còn người phải bồi thường vì văn phòng chấm dứt|Chỉ người bị thiệt hại tự chịu vì nhân viên đã nghỉ|Khoản 1 Điều 40 có quy định riêng khi tổ chức giải thể hoặc chấm dứt: người trực tiếp gây thiệt hại tự bồi thường. Không nhầm với trường hợp có tổ chức kế thừa khi chuyển đổi, hợp nhất, sáp nhập; nghỉ việc không phải căn cứ miễn.
DD|application|short_case|CC:71:2;CC:71:3|Địa phương đã ban hành mức giá tối đa cho dịch vụ soạn thảo. Văn phòng thu vượt mức đó, khách đã đồng ý vì muốn làm nhanh. Chỉ xét giá dịch vụ này, kết luận đúng?|Không được vượt giá tối đa; còn phải niêm yết công khai và giải thích rõ|Được vượt nếu khách tự nguyện đồng ý|Được vượt nếu gọi khoản vượt là thưởng soạn thảo|Được vượt nếu hồ sơ không thuộc công chứng bắt buộc|Quyền xác định giá của tổ chức bị giới hạn bởi giá tối đa do tỉnh ban hành. Sự đồng ý hoặc đổi tên khoản thu không làm mức giá vượt trần hợp pháp; phải tách phí công chứng, giá dịch vụ và các chi phí khác đúng căn cứ.
DD|understanding|short_case|CC:72:1:b;CC:72:2;CC:72:3|Người yêu cầu đủ điều kiện công chứng ngoài trụ sở và đề nghị CCV đến bệnh viện. Văn phòng tính chi phí di chuyển theo nguyên tắc niêm yết, giải thích và thỏa thuận mức cụ thể. Chỉ xét cơ chế chi phí, nhận định đúng?|Chi phí khác do người yêu cầu và tổ chức thỏa thuận theo luật, không phải mọi khoản ngoài phí đều bị cấm|Mọi chi phí ngoài phí công chứng đều bị cấm|Chi phí này mặc nhiên do ngân sách trả|CCV tự thu riêng mà không cần nguyên tắc niêm yết hoặc giải thích|Luật cho phép chi phí khác khi yêu cầu ngoài trụ sở, với mức thỏa thuận và nghĩa vụ niêm yết, giải thích. Không đồng nhất khoản chi đúng cơ chế này với tiền lợi ích riêng bị cấm, cũng không suy rằng trả chi phí tạo quyền công chứng ngoài trụ sở nếu chưa đủ điều kiện.
TS|understanding|short_case|CC:12:3|CCV có đủ kinh nghiệm nhưng mới chấp hành xong quyết định xử phạt vi phạm hành chính về hành nghề được 8 tháng. Tổ chức muốn giao hướng dẫn tập sự ngay. Riêng trở ngại này, kết luận đúng?|Chưa đủ mốc 12 tháng từ ngày chấp hành xong để được hướng dẫn|Được ngay vì kinh nghiệm là điều kiện duy nhất|Được nếu người tập sự đồng ý|Chỉ phải chờ nếu xử phạt bằng tiền trên một mức nhất định|Điều kiện kinh nghiệm không thay điều kiện sau xử lý kỷ luật hoặc xử phạt về hành nghề. Điều 12 tính 12 tháng từ ngày chấp hành xong, không từ ngày ra quyết định và không tùy vào mức tiền phạt do các bên tự đặt.
TS|application|workflow|CC:12:3|CCV hướng dẫn bị tạm đình chỉ; tổ chức còn một CCV khác đủ điều kiện và chưa vượt số người tập sự tối đa. Cách xử lý việc hướng dẫn đúng?|Phân công CCV đủ điều kiện khác tiếp tục hướng dẫn|Giữ CCV bị đình chỉ hướng dẫn vì tập sự chưa phải hành nghề|Tự động hủy toàn bộ thời gian đã tập sự hợp lệ|Để người tập sự tự ký văn bản công chứng trong thời gian chờ|Điều 12 dự liệu việc thay người hướng dẫn khi người cũ bị tạm đình chỉ. Việc chuyển hướng dẫn bảo đảm tập sự tiếp tục đúng điều kiện; không tự hủy thời gian hợp lệ hoặc biến người tập sự thành người có quyền công chứng.
TS|application|workflow|CC:12:3|CCV hướng dẫn chết và tổ chức không còn CCV đủ điều kiện hướng dẫn. Người tập sự đề nghị chuyển sang một nhân viên pháp chế giàu kinh nghiệm trong văn phòng. Phương án đúng?|Tổ chức báo cáo Sở Tư pháp để chỉ định tổ chức khác nhận tập sự|Giao nhân viên pháp chế hướng dẫn như CCV|Cho người tập sự tự kết thúc bằng báo cáo cá nhân|Mặc nhiên coi toàn bộ thời gian còn lại đã hoàn thành|Khi không còn CCV đủ điều kiện, luật quy định báo Sở để chỉ định tổ chức khác. Kinh nghiệm pháp chế không tạo tư cách CCV hướng dẫn; không được dùng khó khăn nhân sự để tự công nhận thời gian chưa tập sự.
TS|understanding|short_case|CC:12:4|Người tập sự đã được giao công việc liên quan công chứng nhưng muốn chỉ đến văn phòng một buổi mỗi tuần, dù lịch làm việc đã xác định nhiều ngày. Không có căn cứ điều chỉnh khác. Theo Điều 12, nghĩa vụ đúng?|Bảo đảm thời gian tập sự theo ngày, giờ làm việc của tổ chức nhận tập sự|Chỉ cần nộp đủ mẫu hợp đồng, không phải bảo đảm thời gian|Tự chọn bất kỳ số giờ nào vì chưa được bổ nhiệm|Chỉ cần có mặt vào ngày tổ chức kiểm tra nội bộ|Khoản 4 gắn thời gian tập sự với ngày, giờ làm việc của tổ chức, không chỉ số sản phẩm giao nộp. Người tập sự chịu trách nhiệm về công việc được phân công; hoàn thành bản mẫu không tự bù thời gian không đáp ứng.
TS|understanding|exception|CC:12:5|A được cấp giấy chứng nhận đạt kiểm tra 6 năm trước nhưng không đề nghị bổ nhiệm trong 5 năm từ ngày cấp. Nay A muốn dùng giấy cũ để bổ nhiệm. Chỉ xét giấy này, phải làm gì?|Đăng ký tham dự và đạt yêu cầu kiểm tra lại vì giấy đã hết hiệu lực|Dùng giấy cũ vì cụm không có thời hạn loại mọi ngoại lệ|Chỉ xin văn phòng xác nhận đang làm việc là giấy có hiệu lực lại|Chỉ đổi bản sao giấy sang bản điện tử để gia hạn|Điều 12 nêu giấy không có thời hạn nhưng có ngoại lệ hết hiệu lực nếu không đề nghị bổ nhiệm trong 5 năm. Việc đổi hình thức giấy hoặc xác nhận làm việc không thay yêu cầu đăng ký và đạt kiểm tra lại.
TS|application|exception|CC:12:5|A đã đề nghị bổ nhiệm trong năm thứ tư từ ngày cấp giấy đạt kiểm tra. Đến năm thứ sáu, hồ sơ bị cho là dùng giấy hết hiệu lực chỉ vì quá 5 năm từ ngày cấp. Chỉ xét căn cứ hết hiệu lực này, đánh giá đúng?|Không thể chỉ dựa vào tuổi giấy; ngoại lệ hỏi việc không đề nghị bổ nhiệm trong 5 năm, A đã đề nghị trong hạn|Giấy tự hết hiệu lực sau 5 năm trong mọi trường hợp|Giấy chỉ được dùng nếu được bổ nhiệm xong trong 5 năm|Giấy phải thi lại hằng năm dù đã đề nghị đúng hạn|Điểm quyết định là có đề nghị bổ nhiệm trong hạn hay không, không phải chỉ thời gian đã trôi qua hoặc ngày quyết định bổ nhiệm. Câu chỉ giải quyết căn cứ hết hiệu lực này; các điều kiện bổ nhiệm khác vẫn phải được kiểm tra riêng.
TS|understanding|short_case|CC:11:3:c;CC:12:1|A có bằng tiến sĩ luật, thuộc nhóm đào tạo nghề công chứng 6 tháng. A cho rằng thời gian tập sự cũng tự giảm xuống 6 tháng. Chỉ xét hai thời gian, kết luận đúng?|Đào tạo 6 tháng không tự làm giảm tập sự; Điều 12 quy định tập sự 12 tháng|Đào tạo và tập sự đều 6 tháng vì cùng một nhóm đối tượng|Có tiến sĩ luật được miễn cả đào tạo và tập sự|Tập sự chỉ còn 3 tháng nếu đã dạy luật|Không đồng nhất ưu tiên thời gian đào tạo ở Điều 11 với thời gian tập sự ở Điều 12. Câu đã xác định đúng nhóm tiến sĩ luật; điều khoản này không tự tạo miễn hoặc giảm tập sự tương ứng.
TS|application|exception|CC:16:2:đ;CC:16:2:e;CC:15:2|CCV không hành nghề 12 tháng vì bị tạm đình chỉ theo Điều 15. Cơ quan muốn chỉ áp căn cứ không hành nghề 12 tháng ở điểm đ khoản 2 Điều 16, chưa xét lý do đình chỉ có còn hay không. Đánh giá đúng?|Không áp máy móc điểm đ vì có ngoại lệ đình chỉ; phải xét căn cứ miễn nhiệm riêng khi hết đình chỉ mà lý do vẫn còn|Miễn nhiệm theo điểm đ trong mọi trường hợp nghỉ đủ 12 tháng|Không được miễn nhiệm theo bất kỳ căn cứ nào vì đã bị đình chỉ|Chỉ cần khách đồng ý cho hành nghề trở lại là tránh miễn nhiệm|Điểm đ loại thời gian không hành nghề do tạm đình chỉ; điểm e có căn cứ riêng khi hết thời hạn mà lý do vẫn còn. Phải đọc các căn cứ cùng ngoại lệ, không biến việc có ngoại lệ ở một điểm thành miễn mọi căn cứ khác.
QT|understanding|short_case|CC:51:1;CC:51:2|Văn bản công chứng có hai trang in trên cùng một tờ giấy, chưa có tờ thứ hai. Chỉ xét Điều 51, yêu cầu nào đúng?|Đánh số cả hai trang; quy tắc giáp lai giữa các tờ chưa phát sinh chỉ từ việc có hai trang|Bắt buộc giáp lai giữa hai trang dù cùng một tờ|Chỉ đánh số trang cuối vì chỉ có một tờ|Không đánh số vì chưa đủ hai tờ|Phải phân biệt trang với tờ: đánh số phát sinh từ hai trang, giáp lai giữa các tờ phát sinh từ hai tờ. Không suy rằng thiếu tờ thứ hai loại nghĩa vụ đánh số hoặc phải tạo giáp lai trên hai mặt cùng một tờ.
QT|understanding|short_case|CC:51:1|Giao dịch giấy có ba trang, lời chứng thêm một trang. Văn phòng đánh số giao dịch từ 1 đến 3, rồi đánh lời chứng lại số 1. Cách sửa đúng?|Đánh số liên tục từ trang thứ nhất giao dịch đến trang cuối lời chứng|Giữ số 1 riêng cho lời chứng vì CCV là người ký phần đó|Không đánh số lời chứng|Đánh số giao dịch bắt đầu từ 0 để lời chứng vẫn là 1|Khoản 1 Điều 51 yêu cầu chuỗi số liên tục qua cả giao dịch và lời chứng. Việc phần lời chứng do CCV lập không tạo một chuỗi đánh số độc lập; số trang giúp kiểm tra tính đầy đủ của văn bản công chứng.
QT|application|workflow|CC:52:3|Lỗi kỹ thuật đúng nghĩa đã được đối chiếu hồ sơ; bên lề trang không đủ chỗ ghi nội dung sửa. Phương án được Điều 52 cho phép là gì?|Ghi ở trang đính kèm đủ nội dung sửa, thời điểm, họ tên, chữ ký CCV và dấu tổ chức|Xóa trực tiếp nội dung cũ rồi in lại bản không ghi việc sửa|Chỉ gửi email thông báo mà không ghi sửa trong văn bản|Cho người yêu cầu tự viết sửa và ký bên lề|Luật cho phép trang đính kèm khi bên lề không đủ chỗ, nhưng vẫn giữ đầy đủ dấu vết sửa lỗi. Không biến sửa kỹ thuật thành thay bản gốc không có thông tin sửa hoặc giao khách tự sửa mà thiếu CCV và dấu tổ chức.
QT|understanding|exception|CC:52:3|Văn phòng đã sửa lỗi kỹ thuật đúng thủ tục nhưng không thể thu hồi được một trong các bản gốc dù đã thực hiện việc thu hồi. Điều 52 yêu cầu sửa mọi bản gốc như thế nào?|Sửa tất cả bản gốc trừ trường hợp không thể thu hồi được tất cả; vẫn phải thông báo theo luật|Không được sửa bất kỳ bản nào nếu thiếu một bản gốc|Chỉ sửa bản lưu của văn phòng trong mọi trường hợp|Được bỏ nghĩa vụ thông báo vì đã sửa bản lưu|Quy tắc sửa tất cả bản gốc có ngoại lệ thực tế không thể thu hồi tất cả. Ngoại lệ này không cho mặc định chỉ sửa bản lưu và không loại nghĩa vụ thông báo bằng văn bản cho những người tham gia giao dịch.
QT|application|workflow|CC:61:1|Người lập di chúc yêu cầu văn phòng lưu giữ bản di chúc. Văn phòng định niêm phong sau khi khách về và chỉ giao biên lai thu tiền. Việc cần thực hiện đúng là gì?|Niêm phong trước mặt người lập di chúc, ghi và giao giấy nhận lưu giữ có thông tin luật định|Chỉ giao biên lai thu phí là đủ|Chỉ niêm phong nếu người thừa kế có mặt|Không được lưu giữ nếu di chúc chưa chỉ định người quản lý di sản|Điều 61 quy định thao tác trước mặt người lập và giấy nhận lưu giữ có thông tin tổ chức, CCV niêm phong, người lập. Biên lai thu tiền không tự thay giấy nhận lưu giữ; người thừa kế không phải người bắt buộc có mặt trong thao tác này.
QT|understanding|exception|CC:61:2|Tổ chức đang giữ di chúc sắp chấm dứt hoạt động, liên hệ được người lập nhưng không thỏa thuận được nơi lưu giữ mới. Xử lý di chúc và phí lưu giữ theo Điều 61?|Trả lại di chúc và phí lưu giữ cho người lập|Tự chuyển sang bất kỳ nơi nào dù người lập không thỏa thuận|Giữ phí và chỉ giao bản photocopy di chúc|Mở di chúc công bố cho người thân để họ chọn nơi giữ|Luật phân biệt có thể liên hệ nhưng không thỏa thuận được với không liên hệ được. Trường hợp đầu phải trả di chúc và phí lưu giữ; không tự áp phương án chuyển hồ sơ cho trường hợp không liên hệ được hoặc công bố nội dung khi chưa có căn cứ.
QT|understanding|short_case|CC:63:1;CC:63:2|CCV đã có tài khoản, chữ ký số, dấu thời gian; tổ chức nơi làm việc chưa có đủ trang thiết bị để công chứng điện tử. Người phụ trách cho rằng điều kiện CCV đủ thì tổ chức không cần kiểm tra. Kết luận đúng?|Phải kiểm tra cả điều kiện của tổ chức; điều kiện cá nhân không thay điều kiện trang thiết bị của tổ chức|Được cung cấp ngay vì chỉ xét điều kiện CCV|Được cung cấp nếu người yêu cầu gửi email đồng ý|Được cung cấp nếu giao dịch không có bất động sản|Điều 63 đặt hai nhóm điều kiện độc lập cho CCV và tổ chức. Đáp ứng chữ ký số và tài khoản ở cá nhân không thay điều kiện kỹ thuật ở tổ chức; không tự tạo ngoại lệ bằng email đồng ý hoặc loại tài sản giao dịch.
QT|understanding|short_case|CC:64:2|Văn bản công chứng điện tử mới có chữ ký số CCV, chưa có chữ ký số tổ chức. Các bên đã ký đầy đủ. Chỉ xét mốc hiệu lực văn bản tại Điều 64, nhận định đúng?|Chưa đạt mốc hiệu lực vì còn thiếu chữ ký số tổ chức hành nghề công chứng|Có hiệu lực ngay khi các bên ký, chữ ký số tổ chức chỉ để lưu|Có hiệu lực sau một ngày dù không bổ sung chữ ký số tổ chức|Có hiệu lực nếu gửi bản PDF cho các bên|Khoản 2 Điều 64 yêu cầu chữ ký số của cả CCV và tổ chức để văn bản công chứng điện tử có hiệu lực. Chữ ký các bên, việc gửi file hoặc thời gian trôi qua không thay một chữ ký số còn thiếu theo luật.
QT|application|exception|CC:68:2|Văn phòng muốn chuyển kho hồ sơ công chứng ra ngoài trụ sở. Kho đáp ứng an ninh, phòng cháy và được chủ nhà đồng ý, nhưng chưa có đồng ý bằng văn bản của Sở Tư pháp. Riêng địa điểm lưu trữ, cần gì?|Có sự đồng ý bằng văn bản của Sở Tư pháp nơi tổ chức đặt trụ sở|Chỉ cần chủ nhà và các CCV thống nhất|Chỉ cần gửi email thông báo sau khi chuyển kho|Chỉ cần kho cùng phường thì không phải xin ý kiến|Đáp ứng an toàn bảo quản không tự thay điều kiện cho lưu ngoài trụ sở. Điều 68 yêu cầu sự đồng ý bằng văn bản của Sở; vị trí cùng phường hoặc việc thông báo sau chuyển không tương đương với chấp thuận luật định.
QT|understanding|short_case|CC:68:2|Hồ sơ công chứng giao dịch có đối tượng là bất động sản đã được lưu 15 năm từ ngày văn bản có hiệu lực. Văn phòng định hủy vì cho rằng mọi hồ sơ chỉ cần 10 năm. Theo Điều 68, đánh giá đúng?|Chưa đạt thời hạn tối thiểu 30 năm của nhóm bất động sản|Đã đủ vì 10 năm áp dụng chung mọi giao dịch|Đã đủ nếu các bên nói không còn tranh chấp|Đã đủ nếu đã quét bản sao mà chưa xét quy định lưu hồ sơ điện tử|Luật phân biệt tối thiểu 30 năm cho bất động sản và tối thiểu 10 năm cho giao dịch khác. Không được lấy sự im lặng của các bên hoặc việc quét bản sao đơn thuần để tự bỏ thời hạn của hồ sơ thuộc nhóm bất động sản.
QT|application|exception|CC:73:1|Một cá nhân ở nước ngoài muốn cơ quan đại diện Việt Nam công chứng hợp đồng bán căn nhà tại Việt Nam; đã chuẩn bị đủ hồ sơ. Chỉ xét loại giao dịch ở Điều 73, xử lý đúng?|Không thuộc nhóm cơ quan đại diện được công chứng vì hợp đồng bán BĐS tại Việt Nam bị loại trừ|Được vì mọi cơ quan công chứng đều có thẩm quyền toàn quốc|Được nếu bên mua có quốc tịch Việt Nam|Được nếu người bán đã lập di chúc trước đó tại cơ quan đại diện|Điều 73 cho cơ quan đại diện thực hiện một số việc nhưng loại hợp đồng mua bán và các hợp đồng BĐS tại Việt Nam được liệt kê. Đủ giấy tờ hoặc quốc tịch bên mua không thay thẩm quyền theo loại giao dịch.
QT|advanced|integrated|CC:73:1;CC:44|A ở nước ngoài muốn lập văn bản ủy quyền cho B bán nhà tại Việt Nam và muốn cơ quan đại diện công chứng luôn hợp đồng mua bán nhà. Phân biệt thẩm quyền đúng?|Có thể xét văn bản ủy quyền tại cơ quan đại diện; hợp đồng bán nhà tại Việt Nam không được công chứng ở đó|Cả hai đều được vì cùng liên quan một nhà|Cả hai đều bị cấm vì cứ liên quan BĐS tại Việt Nam là bị cấm|Công chứng hợp đồng bán tại cơ quan đại diện rồi giao B đăng ký là đủ thẩm quyền|Phải tách văn bản ủy quyền khỏi hợp đồng chuyển quyền đối với nhà. Điều 73 cho công chứng các loại văn bản ủy quyền nhưng loại hợp đồng bán BĐS tại Việt Nam; giao dịch chính còn phải xét địa bàn và điều kiện theo pháp luật áp dụng.
DS|understanding|short_case|BLDS:293:1|Hợp đồng bảo đảm hợp lệ không thỏa thuận giới hạn phạm vi; pháp luật không có quy định giới hạn riêng. Con nợ nói chỉ gốc được bảo đảm, lãi và bồi thường đương nhiên loại. Quy tắc đúng?|Nghĩa vụ coi như được bảo đảm toàn bộ, gồm lãi, tiền phạt và bồi thường thiệt hại|Chỉ nợ gốc được bảo đảm trong mọi hợp đồng|Chỉ gốc và lãi, luôn loại phạt và bồi thường|Phạm vi tự giới hạn ở giá trị ghi trên giấy chứng nhận tài sản|Khoản 1 Điều 293 đặt quy tắc mặc định khi không có thỏa thuận và pháp luật không quy định phạm vi. Không được tự thu hẹp về nợ gốc; giá trị tài sản bảo đảm và phạm vi nghĩa vụ là hai vấn đề cần phân biệt.
DS|understanding|exception|BLDS:295:2;BLDS:295:4|Các bên mô tả tài sản bảo đảm theo nhóm nhưng vẫn xác định được chính xác tài sản; giá trị tài sản thấp hơn nghĩa vụ. Chỉ xét hai điểm tại Điều 295, kết luận đúng?|Không bị loại chỉ vì mô tả chung có thể xác định hoặc giá trị thấp hơn nghĩa vụ|Vô hiệu vì mọi mô tả chung đều bị cấm|Vô hiệu vì giá trị luôn phải lớn hơn nghĩa vụ|Chỉ được nếu tài sản bảo đảm là tiền mặt|Luật cho mô tả chung nhưng phải xác định được và cho giá trị lớn hơn, bằng hoặc nhỏ hơn nghĩa vụ. Câu không chứng nhận toàn bộ giao dịch: vẫn phải xét quyền sở hữu, hình thức và điều kiện chuyên ngành khác.
DS|application|short_case|BLDS:303:1:c;BLDS:303:2|Hợp đồng thế chấp đã thỏa thuận hợp lệ để bên nhận bảo đảm nhận chính tài sản thay thực hiện nghĩa vụ khi đủ điều kiện xử lý. Bên bảo đảm nói pháp luật chỉ cho bán đấu giá nên riêng phương thức đó bị cấm. Chỉ xét sự lựa chọn phương thức ở Điều 303, đúng không?|Không; luật cho phép thỏa thuận nhận chính tài sản, đấu giá là mặc định khi không thỏa thuận và không có luật khác|Đúng vì đấu giá là phương thức duy nhất trong mọi trường hợp|Đúng vì chỉ cơ quan Nhà nước được nhận tài sản thay nghĩa vụ|Đúng trừ khi tài sản có giá trị nhỏ hơn nghĩa vụ|Phải đọc danh sách phương thức có thể thỏa thuận và quy tắc mặc định ở hai khoản khác nhau. Câu đã xác định thỏa thuận hợp lệ và chỉ hỏi phương thức; vẫn phải thực hiện thủ tục, định giá, chuyển quyền hoặc điều kiện xử lý chuyên ngành tương ứng.
DS|advanced|integrated|BLDS:346;BLDS:347:1|A đang giữ hợp pháp xe để sửa theo hợp đồng song vụ, nhưng tiền sửa chưa đến hạn. A muốn áp ngay quyền cầm giữ vì nghe tin khách có khoản nợ khác. Chỉ xét cầm giữ theo hợp đồng sửa xe, nhận định đúng?|Chưa phát sinh cầm giữ vì nghĩa vụ trong hợp đồng này chưa đến hạn và chưa bị vi phạm|Đã phát sinh vì A đang giữ xe và khách có bất kỳ khoản nợ nào|Đã phát sinh vì cầm giữ chỉ cần tài sản có giá trị hơn tiền công|Đã phát sinh nếu A tự ghi chữ cầm giữ trên biên nhận|Phải đồng thời xét giữ hợp pháp tài sản là đối tượng hợp đồng song vụ và vi phạm nghĩa vụ đến hạn. Khoản nợ khác hay nhãn trên biên nhận không thay sự kiện làm phát sinh cầm giữ trong chính quan hệ sửa xe.
DS|advanced|integrated|BLDS:131:2;BLDS:131:3;BLDS:131:4|Giao dịch bị tuyên vô hiệu. A không thể hoàn trả hiện vật đã nhận, là bên ngay tình khi thu hoa lợi; B có lỗi gây thiệt hại đã xác định. Hướng xử lý đúng theo Điều 131?|A hoàn trả bằng tiền, không phải trả hoa lợi thu ngay tình; B bồi thường thiệt hại do lỗi|A được giữ hiện vật và hoa lợi, B chỉ hoàn tiền giá mua|A phải trả cả hoa lợi ngay tình và không ai bồi thường vì hợp đồng vô hiệu|Mọi bên đều bị phạt bằng hai lần giá trị tài sản|Điều 131 phân biệt hoàn trả hiện vật hoặc tiền, ngoại lệ về hoa lợi của bên ngay tình và bồi thường theo lỗi. Vô hiệu không có nghĩa xóa mọi nghĩa vụ hoàn trả, cũng không tự tạo một mức phạt gấp đôi cho các bên.
DS|application|exception|BLDS:132:1;BLDS:132:2|Giao dịch thuộc Điều 126 về nhầm lẫn, không thuộc căn cứ vô hiệu nào khác. Đã hết thời hiệu tại khoản 1 Điều 132, không có yêu cầu tuyên vô hiệu trong thời hiệu. Một bên nói nhầm lẫn làm giao dịch vĩnh viễn không có hiệu lực. Chỉ xét khoản 2, kết luận đúng?|Giao dịch có hiệu lực theo quy định khi hết thời hiệu mà không có yêu cầu tuyên vô hiệu|Giao dịch luôn vô hiệu dù không có yêu cầu và thời hiệu đã hết|Tự kéo dài thời hiệu thêm hai năm vì một bên đổi ý|Chỉ chuyển thành có hiệu lực nếu có người làm chứng mới|Khoản 2 Điều 132 có quy định về hiệu lực sau khi hết thời hiệu thuộc khoản 1 mà không có yêu cầu tuyên vô hiệu. Câu đã loại căn cứ khác, đặc biệt nhóm Điều 123 và 124 không hạn chế thời hiệu; không tuyệt đối hóa mọi giao dịch có nhầm lẫn thành vô hiệu vĩnh viễn.
HN|application|short_case|HN:59:4|Khi ly hôn theo chế độ luật định, xác định có sự trộn lẫn tài sản riêng của vợ vào khối chung; vợ yêu cầu thanh toán phần giá trị riêng đã đóng góp, không có thỏa thuận khác. Chồng nói cứ trộn lẫn là mất mọi quyền đòi giá trị riêng. Quy tắc đúng?|Vợ được thanh toán phần giá trị tài sản riêng đã đóng góp vào khối đó|Vợ mất mọi quyền vì đã có trộn lẫn|Vợ đương nhiên được nhận toàn bộ khối chung thay phần đóng góp|Chỉ thanh toán nếu tài sản riêng là bất động sản|Điều 59 phân biệt quyền sở hữu tài sản riêng với trường hợp sáp nhập, trộn lẫn. Khi có yêu cầu và không có thỏa thuận khác, được thanh toán phần giá trị đã đóng góp; không suy cả khối tài sản trở thành riêng hoặc mất hoàn toàn quyền về giá trị riêng.
HN|advanced|integrated|HN:33:1;HN:34:2;HN:35:2:a;BLDS:140:3:đ|Nhà là tài sản chung vợ chồng, giấy chỉ tên chồng. Vợ từng ủy quyền chồng bán nhưng nay đã chết, quyền từ văn bản đó đã chấm dứt; chưa xử lý di sản của vợ. Chồng muốn bán toàn bộ nhà bằng giấy cũ. Xử lý đúng?|Tách phần quyền của chồng và di sản của vợ, xác định chủ thể có quyền; không dùng ủy quyền đã chấm dứt để bán toàn bộ|Chồng bán toàn bộ vì giấy chứng nhận chỉ tên chồng|Chồng bán toàn bộ vì giấy ủy quyền còn ghi ngày hết hạn tương lai|Chuyển tên nhà sang con bất kể người thừa kế và di chúc|Tên một người không tự chứng minh toàn bộ nhà là tài sản riêng. Vợ chết làm chấm dứt quyền đại diện từ ủy quyền đã nêu; cần giải quyết quyền trong tài sản chung và thừa kế thay vì cho chồng ký cả phần của người đã chết.
HN|application|short_case|HN:60:1|Sau ly hôn, vợ chồng cùng chủ nợ đã có thỏa thuận hợp lệ rõ ràng để chỉ vợ tiếp tục thực hiện khoản nợ, chủ nợ giải phóng chồng khỏi nghĩa vụ. Người tư vấn nói quyền của chủ nợ luôn giữ nguyên nên không được xét thỏa thuận ba bên. Nhận định nào đúng?|Phải xét ngoại lệ có thỏa thuận khác của vợ chồng và người thứ ba, không áp nguyên tắc giữ nguyên nghĩa vụ máy móc|Mọi nghĩa vụ trước ly hôn tuyệt đối không thể được ba bên thỏa thuận thay đổi|Chỉ hai vợ chồng được thay nghĩa vụ, chủ nợ không cần tham gia|Ly hôn tự xóa nợ mà không cần thỏa thuận|Khoản 1 Điều 60 duy trì quyền, nghĩa vụ với người thứ ba sau ly hôn nhưng có ngoại lệ khi vợ chồng và người thứ ba thỏa thuận khác. Câu đã xác định thỏa thuận hợp lệ và chủ nợ tham gia, nên khác việc hai vợ chồng tự chuyển nợ làm mất quyền chủ nợ.
HN|advanced|integrated|HN:73:3;HN:77:1;BLDS:141:3|Cha mẹ quản lý nhà riêng của con 12 tuổi. Mẹ dự định đại diện con bán nhà cho chính mình; không có quy định khác cho phép tự giao dịch. Cha đồng ý, đã xem xét nguyện vọng con. Trở ngại vẫn cần xử lý là gì?|Xung đột do đại diện giao dịch với chính mình; các điều kiện gia đình đã đáp ứng không tự loại trở ngại này|Không còn trở ngại vì cha đồng ý và đã hỏi nguyện vọng con|Chỉ cần mẹ trả đủ giá thì không cần xét quyền đại diện|Con 12 tuổi có thể tự ký để bỏ mọi điều kiện đại diện|Sự thỏa thuận của cha mẹ và xem xét nguyện vọng là những điều kiện riêng. Khoản 3 Điều 141 vẫn cấm đại diện xác lập giao dịch với chính mình khi không có quy định khác; không dùng giá bán hoặc sự đồng ý gia đình để bỏ kiểm tra xung đột.
TK|advanced|integrated|HN:66:2;BLDS:644:1;BLDS:651:1:a|Vợ chồng có tài sản chung 3,6 tỷ theo chế độ luật định. Chồng chết, không nợ; vợ và hai con trưởng thành có khả năng lao động là toàn bộ hàng thứ nhất, không ai từ chối hoặc bị loại. Di chúc cho người bạn toàn bộ di sản. Phần tối thiểu của vợ và phần còn cho bạn là bao nhiêu?|Vợ nhận thêm 400 triệu từ di sản; bạn nhận 1,4 tỷ, ngoài 1,8 tỷ tài sản riêng phần vợ trong khối chung|Vợ nhận 800 triệu từ di sản; bạn nhận 2,8 tỷ vì chia toàn bộ 3,6 tỷ|Vợ không hưởng di sản vì đã có 1,8 tỷ tài sản của mình|Ba người hàng thứ nhất mỗi người nhận 600 triệu bất chấp di chúc|Trước hết tách 1,8 tỷ thuộc vợ, di sản chồng còn 1,8 tỷ. Suất theo pháp luật nếu chia là 600 triệu; vợ được hai phần ba tức 400 triệu, hai con trưởng thành có khả năng lao động không thuộc diện bắt buộc, phần 1,4 tỷ còn lại theo di chúc.
TK|application|workflow|BLDS:661|Tòa án đã hạn chế chia di sản để bảo vệ đời sống vợ còn sống. Hết ba năm từ mở thừa kế, vợ chứng minh việc chia vẫn ảnh hưởng nghiêm trọng đời sống gia đình và chưa được gia hạn lần nào. Hướng đề nghị được Điều 661 cho phép?|Yêu cầu Tòa án gia hạn một lần, không quá ba năm|Tự tuyên bố giữ di sản vô thời hạn không cần Tòa án|Yêu cầu gia hạn hằng năm không giới hạn số lần|Chỉ cần một người thừa kế đồng ý để loại mọi quyền yêu cầu chia của người khác|Điều 661 quy định mốc hạn chế ban đầu và khả năng gia hạn một lần khi điều kiện ảnh hưởng nghiêm trọng vẫn được chứng minh. Đây không phải quyền tự quyết giữ di sản vô hạn; việc gia hạn do Tòa án xem xét và bị giới hạn cả số lần lẫn thời gian.
TK|advanced|integrated|BLDS:621:1:b;BLDS:621:2;BLDS:644:1|Cha đã biết con B, 30 tuổi có khả năng lao động, vi phạm nghiêm trọng nghĩa vụ nuôi dưỡng mình nhưng vẫn lập di chúc hợp lệ cho B hưởng 200 triệu. B nói vì là con nên còn tự được phần bắt buộc của Điều 644. Phân biệt đúng?|B có thể hưởng 200 triệu theo ngoại lệ di chúc; con trưởng thành có khả năng lao động không tự thuộc diện hưởng phần bắt buộc|B không thể hưởng gì dù cha đã biết và vẫn cho trong di chúc|B đương nhiên hưởng thêm phần bắt buộc vì mọi con đều thuộc Điều 644|B chỉ được hưởng nếu những người thừa kế khác bỏ quyền phản đối|Điều 621 cho ngoại lệ khi người để lại đã biết hành vi nhưng vẫn cho theo di chúc. Phần bắt buộc là vấn đề khác: B đã thành niên và có khả năng lao động nên không thuộc nhóm con tại khoản 1 Điều 644; không suy mọi người con đều được hưởng thêm.
TK|application|short_case|BLDS:660:2|Di sản chia theo pháp luật chỉ có một hiện vật không thể chia đều. Những người thừa kế đủ năng lực không thống nhất được định giá hoặc người nhận hiện vật, không có căn cứ hạn chế chia. Một người muốn tự giữ hiện vật và tự ấn định tiền trả người khác. Quy tắc xử lý là gì?|Hiện vật được bán để chia khi không thỏa thuận được|Người đang giữ đương nhiên được nhận hiện vật và tự ấn định giá|Người cao tuổi nhất luôn được nhận miễn thanh toán|Phải giữ hiện vật vĩnh viễn vì không thể chia đều|Khoản 2 Điều 660 cho thỏa thuận định giá và người nhận khi hiện vật không thể chia đều, nhưng nếu không thỏa thuận được thì bán để chia. Việc đang giữ hoặc tuổi cao không tạo quyền tự định đoạt phần của những người khác; câu không chỉ định sẵn một thủ tục bán ngoài căn cứ luật.
DAT|advanced|integrated|DAT:45:1:b;DAT:45:1:đ;CC:42:4|Tranh chấp đất đã được giải quyết bằng bản án có hiệu lực, nhưng quyền sử dụng vẫn đang bị áp dụng biện pháp khẩn cấp tạm thời. Các bên xin chuyển nhượng vì nói hết tranh chấp là đủ. Chỉ xét hai điều kiện này, xử lý đúng?|Chưa đủ điều kiện chuyển nhượng vì phải kiểm tra riêng biện pháp khẩn cấp tạm thời|Đủ ngay vì bản án giải quyết tranh chấp thay mọi điều kiện khác|Đủ nếu bên mua cam kết nhận rủi ro biện pháp ngăn chặn|Đủ nếu giá chuyển nhượng bằng giá đất Nhà nước|Các điều kiện ở Điều 45 là đồng thời, không phải chọn một. Bản án có hiệu lực có thể đáp ứng điều kiện về tranh chấp nhưng không tự loại biện pháp khẩn cấp còn áp dụng; cam kết rủi ro và giá không thay điều kiện pháp luật.
DAT|advanced|integrated|DAT:48:1;DAT:48:3;CC:9:1:b|A được giao đất theo chính sách tại khoản 3 Điều 16 Luật Đất đai, muốn góp quyền sử dụng đất đó vào công ty gia đình. Việc góp vốn không thuộc ngoại lệ khoản 1 hoặc 2 Điều 48. Cách xử lý đúng?|Không công chứng góp vốn vì Điều 48 cấm ngoài các ngoại lệ đã nêu|Công chứng vì công ty chỉ gồm người thân|Công chứng nếu công ty không có người nước ngoài|Công chứng nếu A đã sử dụng đất trên 10 năm|Phải xác định đúng nguồn giao đất chính sách, không áp điều kiện 10 năm của quy định lịch sử hoặc quyền góp vốn thông thường. Khoản 3 Điều 48 không cho góp vốn ngoài ngoại lệ; cấu trúc công ty gia đình không tạo ngoại lệ mới.
