SEP24-001|DAT:135.5|Một hộ gia đình đã có quyền sử dụng đất chung trước khi Luật Đất đai 2024 có hiệu lực. Các thành viên thống nhất yêu cầu giấy chứng nhận ghi người đại diện. Người đại diện có bắt buộc là chủ hộ không?|Không; có thể ghi người đại diện theo yêu cầu của các thành viên|Có; chỉ chủ hộ mới được đại diện|Có; trừ khi chủ hộ trên 60 tuổi|Không được ghi người đại diện trong bất kỳ trường hợp nào
SEP24-002|DN:36.2|Khi thành lập công ty, tổ chức thẩm định giá định giá một máy móc góp vốn. Đúng 50% thành viên sáng lập chấp thuận giá đó. Kết luận nào đúng?|Chưa đạt yêu cầu; phải được trên 50% thành viên sáng lập chấp thuận|Đã đạt vì chỉ cần ít nhất 50%|Chỉ cần người góp máy móc đồng ý|Luôn phải có sự đồng ý của tất cả thành viên dù do tổ chức thẩm định giá định giá
SEP24-003|DAT:39.2|Cộng đồng dân cư sử dụng đất theo Điều 39 Luật Đất đai muốn lập văn bản để thừa kế quyền sử dụng đất cho một cá nhân. Nhận định nào đúng?|Cộng đồng không được để thừa kế quyền sử dụng đất|Được để thừa kế nếu tất cả thành viên ký|Được để thừa kế nếu người nhận cùng nơi cư trú|Được để thừa kế nếu văn bản được công chứng
SEP24-004|DN:167.3.b|Công ty cổ phần bán tài sản cho cổ đông nắm 51% tổng số cổ phần có quyền biểu quyết. Giá trị giao dịch bằng 12% tổng tài sản trong báo cáo tài chính gần nhất. Cơ quan nào phải chấp thuận theo quy tắc riêng này?|Đại hội đồng cổ đông|Chỉ Hội đồng quản trị vì giao dịch dưới 50% tổng tài sản|Chỉ Giám đốc nếu giá bán theo thị trường|Cổ đông mua tự chấp thuận thay công ty
SEP24-009|DS:538.3|Bên vận chuyển giao hàng đúng địa điểm, đúng hạn nhưng không có người nhận. Họ gửi hàng tại nơi nhận gửi giữ. Theo quy tắc của BLDS, cần thêm việc gì để hoàn thành nghĩa vụ giao?|Thông báo việc gửi giữ cho bên thuê vận chuyển hoặc người thứ ba được chỉ định nhận|Chỉ lập hóa đơn phí gửi giữ, không cần thông báo|Chờ người nhận trực tiếp lấy hàng rồi mới được coi hoàn thành|Phải xin Tòa án cho phép gửi giữ trong mọi trường hợp
SEP24-010|DS:303.2|Các bên không thỏa thuận phương thức xử lý tài sản thế chấp; không có quy định chuyên ngành khác. Phương thức mặc định là gì?|Bán đấu giá tài sản|Bên nhận thế chấp tự nhận tài sản để thay trả nợ|Bên thế chấp tự xác định giá rồi chuyển quyền cho chủ nợ|Chia tài sản đều cho các chủ nợ bất kể thứ tự ưu tiên
SEP24-011|TS:11.1.b|Hồ sơ đề nghị công nhận hoàn thành tập sự có báo cáo kết quả và sổ nhật ký dưới dạng bản sao có chứng thực. Có thể bác hồ sơ chỉ vì hai giấy tờ này không phải bản chính không?|Không; điều khoản chấp nhận bản chính, bản sao có chứng thực hoặc bản sao điện tử|Có; hai giấy tờ bắt buộc luôn là bản chính|Có; chỉ báo cáo được dùng bản sao, sổ nhật ký phải bản chính|Không; nhưng chỉ khi người tập sự đã đủ 5 năm công tác pháp luật
SEP24-016|TS:9.3.d|Người tập sự bị chấm dứt do vi phạm quy định tập sự, đã được tổ chức nhắc nhở và yêu cầu sửa chữa bằng văn bản nhưng vẫn tiếp tục vi phạm, thuộc điểm l khoản 1 Điều 9 TT06/2025. Khi đáp ứng các điều kiện còn lại, mốc sớm nhất để đăng ký lại theo quy định là gì?|Sau 1 năm kể từ ngày quyết định chấm dứt có hiệu lực|Ngay sau khi có tổ chức nhận tập sự mới|Sau 6 tháng kể từ ngày nghỉ thực tế|Sau 30 ngày kể từ ngày quyết định chấm dứt có hiệu lực
SEP24-017|TS:10.1|Ai phải xác nhận sổ nhật ký tập sự theo TT06/2025?|Công chứng viên hướng dẫn xác nhận hằng tuần; tổ chức nhận tập sự xác nhận khi kết thúc|Chỉ Sở Tư pháp xác nhận khi cấp thẻ công chứng viên|Chỉ người tập sự tự xác nhận mỗi ngày|Công chứng viên hướng dẫn xác nhận khi bắt đầu, sau đó không cần xác nhận
SEP24-019|DS:347.2|Một cơ sở sửa chữa có đủ điều kiện cầm giữ chiếc máy do khách chưa thực hiện nghĩa vụ thanh toán đến hạn. Hiệu lực đối kháng của cầm giữ phát sinh từ thời điểm nào?|Từ lúc bên cầm giữ chiếm giữ tài sản|Từ lúc hai bên thỏa thuận giá sửa chữa|Chỉ sau khi đăng ký cầm giữ tại cơ quan đăng ký đất đai|Chỉ sau khi Tòa án xác nhận khoản nợ
SEP24-020|DS:53.1;DS:53.2|Một người bị Tòa án tuyên mất năng lực hành vi dân sự, không có người giám hộ theo khoản 2 Điều 48 BLDS. Vợ người đó đủ điều kiện làm giám hộ; con cả cũng đủ điều kiện. Ai là giám hộ đương nhiên theo thứ tự luật định?|Người vợ|Con cả vì là người trẻ hơn|Cha của người mất năng lực dù người vợ đủ điều kiện|Các con cùng giám hộ, không xét người vợ
SEP24-022|DAT:32.2|Tổ chức trong nước được Nhà nước giao đất không thu tiền sử dụng đất đề nghị dùng chính quyền sử dụng đất đó để góp vốn vào doanh nghiệp. Kết luận nào đúng theo Điều 32?|Không được góp vốn bằng quyền sử dụng đất này|Được góp vốn nếu doanh nghiệp cùng ngành nghề|Được góp vốn khi tất cả thành viên tổ chức đồng ý|Được góp vốn nếu không làm thay đổi mục đích sử dụng đất
SEP24-025|DS:393.2|Một bên gửi đề nghị giao kết hợp đồng. Hai bên không thỏa thuận và không có thói quen coi im lặng là chấp thuận. Bên nhận không trả lời. Kết luận nào đúng?|Im lặng không được coi là chấp nhận đề nghị|Im lặng luôn là chấp thuận sau 3 ngày|Im lặng là chấp thuận nếu đề nghị được gửi bằng văn bản|Bên đề nghị có thể tự quy định mọi sự im lặng đều là chấp thuận
SEP24-028|ND21:29.2.a|Hợp đồng có nghĩa vụ được bảo đảm bị vô hiệu; các bên chưa thực hiện hợp đồng đó. Theo NĐ21/2021, hợp đồng bảo đảm được xử lý thế nào?|Hợp đồng bảo đảm chấm dứt|Hợp đồng bảo đảm luôn tiếp tục để bảo đảm toàn bộ lợi nhuận dự kiến|Chỉ chấm dứt khi bên nhận bảo đảm tự nguyện đồng ý|Tự chuyển thành hợp đồng mua bán tài sản bảo đảm
SEP24-030|HN:97.4|Trong mang thai hộ vì mục đích nhân đạo, bác sĩ phát hiện tình trạng đe dọa nghiêm trọng sức khỏe người mang thai hộ. Ai có quyền quyết định việc tiếp tục hay không tiếp tục mang thai theo điều kiện luật định?|Bên mang thai hộ|Chỉ bên nhờ mang thai hộ|Tổ chức hành nghề công chứng lập thỏa thuận|Bên nhờ mang thai hộ nếu đã thanh toán đủ chi phí
SEP24-033|DS:270.2|Các bên xác lập quyền bề mặt nhưng không xác định thời hạn. Một bên muốn chấm dứt. Quy tắc báo trước nào áp dụng?|Thông báo bằng văn bản cho bên kia trước ít nhất 6 tháng|Báo trước ít nhất 30 ngày|Không cần báo trước vì không có thời hạn|Chỉ được chấm dứt khi cả hai bên đồng ý, không có quyền đơn phương
SEP24-034|HN:98.2|Con sinh ra từ mang thai hộ vì mục đích nhân đạo nhưng chưa được giao cho bên nhờ mang thai hộ. Quyền, nghĩa vụ của bên nhờ với con bắt đầu khi nào?|Từ thời điểm con được sinh ra|Chỉ sau khi nhận con trên thực tế|Chỉ khi được cấp giấy khai sinh|Từ ngày ký thỏa thuận mang thai hộ, trước khi con sinh ra
SEP24-036|DS:417|Người thứ ba đã đồng ý hưởng lợi từ hợp đồng vì lợi ích của họ. Hai bên muốn hủy hợp đồng, nhưng người thứ ba không đồng ý. Nhận định nào đúng?|Không được hủy khi chưa có sự đồng ý của người thứ ba|Được hủy vì người thứ ba không trực tiếp ký hợp đồng|Được hủy nếu hợp đồng chưa được thực hiện|Được hủy nếu hai bên hoàn trả cho nhau mọi khoản đã nhận
SEP24-040|TS:6.2|Tổ chức nhận tập sự không còn công chứng viên đủ điều kiện hướng dẫn và đã thông báo theo khoản 2 Điều 6 TT06/2025. Trong bao lâu kể từ nhận thông báo, Sở Tư pháp chỉ định tổ chức khác nhận tập sự?|7 ngày làm việc|3 ngày làm việc|15 ngày làm việc|30 ngày làm việc
SEP24-041|TS:8.4;TS:9.6|Người tập sự tạm ngừng đúng thủ tục vì sức khỏe, không thuộc trường hợp phải đăng ký tập sự lại theo khoản 3 Điều 9. Thời gian đã tập sự trước khi tạm ngừng được xử lý thế nào?|Được tính vào tổng thời gian tập sự|Bị xóa toàn bộ như mọi trường hợp chấm dứt tập sự|Chỉ được tính một nửa|Chỉ được tính nếu đã tập sự đủ 12 tháng trước khi tạm ngừng
SEP24-044|CC:58.3|Một di chúc đã được công chứng khi tính mạng người lập bị cái chết đe dọa nên chưa xuất trình đủ giấy tờ. Sau 3 tháng, người lập không còn nguy hiểm nhưng không nộp đủ giấy tờ theo luật. Hệ quả được khoản 3 Điều 58 quy định là gì?|Văn bản công chứng di chúc không có hiệu lực|Vẫn có hiệu lực mà không cần nộp thêm giấy tờ|Chỉ phải trả thêm phí, hiệu lực không bị ảnh hưởng|Tự động chuyển thành di chúc miệng hợp pháp
SEP24-045|CC:59.3|Khi công chứng văn bản phân chia di sản, hai nội dung trọng tâm công chứng viên phải kiểm tra là gì?|Quyền của người để lại di sản đối với tài sản và quyền hưởng di sản của người yêu cầu|Chỉ giá thị trường của tài sản và thu nhập người nhận|Chỉ nơi cư trú của người chết và số người ký|Chỉ sự đồng ý của người đang giữ giấy chứng nhận
SEP24-049|NHA:177|Chủ sở hữu tặng cho căn nhà đang được cho thuê, hợp đồng thuê còn hạn và các bên không có thỏa thuận khác. Quyền thuê được xử lý thế nào?|Bên thuê được tiếp tục thuê đến hết hạn hợp đồng|Chấm dứt ngay khi ký hợp đồng tặng cho|Chấm dứt ngay khi bên nhận được giấy chứng nhận|Bên thuê phải ký hợp đồng mới thì mới được ở tiếp
SEP24-050|NHA:180.2|Hợp đồng cho ở nhờ còn hạn; nhà vẫn tồn tại, người ở nhờ còn sống và không có thỏa thuận chấm dứt do chủ nhà chết. Chủ nhà chết có tự thuộc danh mục căn cứ chấm dứt tại khoản 2 Điều 180 không?|Không; danh mục nói đến việc bên mượn hoặc ở nhờ chết, không phải bên cho|Có; mọi hợp đồng cho ở nhờ chấm dứt khi chủ nhà chết|Có; trừ khi người ở nhờ là người thừa kế duy nhất|Có; nếu chưa công chứng hợp đồng cho ở nhờ
T60-001|DS:295.1;DS:295.2|Một bên dùng hàng hóa tiêu hao thuộc sở hữu của mình, có thể xác định cụ thể, để bảo đảm nghĩa vụ. Nhận định nào đúng về loại tài sản này?|Không bị loại khỏi tài sản bảo đảm chỉ vì là vật tiêu hao|Vật tiêu hao luôn bị cấm dùng bảo đảm|Chỉ bất động sản mới được dùng bảo đảm|Chỉ vật đặc định mới được dùng bảo đảm
T60-005|DS:276.1|Đâu là nhóm đối tượng của nghĩa vụ dân sự theo BLDS?|Tài sản, công việc phải thực hiện hoặc công việc không được thực hiện|Chỉ tài sản và công việc phải thực hiện|Chỉ tiền và giấy tờ có giá|Thỏa thuận, hành vi trái luật và quyết định của Tòa án
T60-006|DS:297.1|Theo quy tắc chung của BLDS, hiệu lực đối kháng của biện pháp bảo đảm với người thứ ba phát sinh từ căn cứ nào?|Đăng ký biện pháp bảo đảm hoặc bên nhận bảo đảm nắm giữ hay chiếm giữ tài sản bảo đảm theo cơ chế tương ứng|Chỉ từ lúc các bên ký hợp đồng vay|Chỉ từ lúc người có nghĩa vụ vi phạm|Tự động từ lúc chủ tài sản dự định dùng tài sản bảo đảm
T60-007|ND21:22.4|Hợp đồng bảo đảm có hiệu lực nhưng biện pháp bảo đảm chưa phát sinh hiệu lực đối kháng với người thứ ba. Điều đó có tự làm hợp đồng bảo đảm mất hiệu lực không?|Không; chưa có đối kháng không làm thay đổi hoặc chấm dứt hiệu lực hợp đồng bảo đảm|Có; hợp đồng đương nhiên vô hiệu từ đầu|Có; hợp đồng chấm dứt khi khoản vay được giải ngân|Có; trừ khi tài sản có giá trị trên 100 triệu đồng
T60-008|ND21:23.1|Điều kiện tiền đề nào phải có để biện pháp bảo đảm phát sinh hiệu lực đối kháng với người thứ ba theo NĐ21/2021?|Hợp đồng bảo đảm đã có hiệu lực pháp luật|Đã phát sinh nợ quá hạn|Đã có bản án buộc trả nợ|Người thứ ba đã ký xác nhận biết hợp đồng
T60-009|DS:277.2.a|Không có thỏa thuận về địa điểm thực hiện nghĩa vụ; đối tượng là một bất động sản. Địa điểm luật định là đâu?|Nơi có bất động sản|Nơi cư trú của bên có nghĩa vụ trong mọi trường hợp|Nơi ký hợp đồng|Nơi đặt trụ sở tổ chức công chứng hợp đồng
T60-010|DS:116|Một người lập di chúc hợp lệ để định đoạt tài sản sau khi chết. Nhận định nào đúng về hình thức xác lập giao dịch này?|Hành vi pháp lý đơn phương có thể là giao dịch dân sự|Mọi giao dịch dân sự đều phải có ít nhất hai bên thỏa thuận|Chỉ hợp đồng có đền bù mới là giao dịch dân sự|Phải được người thừa kế chấp thuận mới thuộc khái niệm giao dịch dân sự
T60-011|DS:112.1|Vì sao vật tiêu hao không thể là đối tượng hợp đồng thuê tài sản theo quy định của BLDS?|Sau một lần sử dụng, vật mất đi hoặc không giữ được tính chất, hình dáng, tính năng ban đầu|Vì vật tiêu hao không thể thuộc quyền sở hữu cá nhân|Vì mọi vật tiêu hao đều là tài sản cấm lưu thông|Vì mọi tài sản cùng loại đều không được cho thuê
T60-012|DS:356.1;DS:356.3|Bên bán phải giao đúng một bức tranh đã xác định riêng, nhưng tranh đã bị hư hỏng. Theo BLDS, trách nhiệm về vật và thiệt hại được xác định thế nào?|Thanh toán giá trị của vật; nếu vi phạm gây thiệt hại thì còn phải bồi thường|Chỉ bồi thường thiệt hại, không phải thanh toán giá trị của vật|Tự chọn bức tranh khác thay thế mà không cần bên mua đồng ý|Không phải thanh toán gì nếu vẫn giao lại mảnh tranh hỏng
T60-013|DS:166.2|Chủ sở hữu yêu cầu lấy lại tài sản từ người đang có quyền khác hợp pháp đối với tài sản đó. Theo khoản 2 Điều 166, nhận định nào đúng?|Không có quyền đòi lại tài sản từ người đang có quyền khác đối với tài sản đó|Luôn được lấy lại ngay vì là chủ sở hữu|Được lấy lại nếu xuất trình giấy tờ sở hữu dù quyền kia còn hiệu lực|Được tự phá bỏ quyền kia nếu không đồng ý tiếp tục
T60-014|HN:73.1|Theo quy tắc chung, cha mẹ đại diện theo pháp luật cho con nào, trừ khi con có người giám hộ hoặc người đại diện khác theo luật?|Con chưa thành niên và con đã thành niên mất năng lực hành vi dân sự|Mọi người con dù đã thành niên, có đầy đủ năng lực|Chỉ con dưới 15 tuổi|Chỉ con sống cùng hộ khẩu với cha mẹ
T60-015|DS:138.3|Người 17 tuổi được ủy quyền thực hiện giao dịch mà luật không yêu cầu người đại diện phải từ đủ 18 tuổi. Chỉ xét điều kiện tuổi, nhận định nào đúng?|Có thể là người đại diện theo ủy quyền|Không thể đại diện vì mọi trường hợp đều phải đủ 18 tuổi|Chỉ có thể đại diện nếu đã kết hôn|Chỉ có thể đại diện cho cha mẹ, không cho người khác
T60-016|DS:637.1;DS:637.3|Công chứng viên đồng thời là người thừa kế theo di chúc đang được yêu cầu công chứng. Cách xử lý phù hợp là gì?|Không được công chứng di chúc đó|Được công chứng nếu người lập đồng ý bằng văn bản|Được công chứng nếu phần được hưởng dưới một nửa di sản|Được công chứng nếu không tham gia quản lý di sản
T60-019|NHA:19.1|Trong một tòa chung cư thuộc dự án đủ điều kiện cho đối tượng nước ngoài sở hữu, giới hạn tổng số căn hộ đối tượng nước ngoài được sở hữu là gì?|Không quá 30% số căn hộ trong tòa nhà|Không quá 50% số căn hộ trong tòa nhà|30% số tòa nhà của dự án, không tính từng căn hộ|Không giới hạn số căn khi mua qua chủ đầu tư Việt Nam
T60-020|NHA:20.2.c|Cá nhân nước ngoài được phép nhập cảnh, mua căn hộ đủ điều kiện; không thuộc trường hợp kết hôn có cơ chế sở hữu riêng. Thời hạn sở hữu theo quy tắc chung, chưa xét gia hạn, là gì?|Theo thỏa thuận nhưng tối đa 50 năm từ ngày cấp giấy chứng nhận|Luôn lâu dài như mọi công dân Việt Nam|Tối đa 50 năm từ ngày thanh toán tiền đặt cọc|Tối đa 30 năm từ ngày ký hợp đồng
T60-021|DS:129.2|Hợp đồng bằng văn bản vi phạm yêu cầu công chứng, chứng thực. Khi các điều kiện khác của khoản 2 Điều 129 được đáp ứng, ngưỡng thực hiện nghĩa vụ để một bên có thể yêu cầu Tòa án công nhận là gì?|Ít nhất hai phần ba nghĩa vụ trong giao dịch|Ít nhất một nửa nghĩa vụ|Bắt buộc thực hiện toàn bộ nghĩa vụ|Chỉ cần đã thanh toán một khoản đặt cọc bất kỳ
T60-023|HN:37.4|Một người dùng tài sản riêng để duy trì, phát triển khối tài sản chung vợ chồng và phát sinh nghĩa vụ từ việc đó. Theo Luật HNGĐ, đây thuộc nhóm nghĩa vụ nào?|Nghĩa vụ chung về tài sản của vợ chồng|Luôn là nghĩa vụ riêng vì dùng tài sản riêng|Chỉ là nghĩa vụ chung khi tài sản riêng đã được nhập vào tài sản chung|Luôn là nghĩa vụ riêng nếu hợp đồng chỉ do một người ký
T60-025|DS:346|Một cơ sở đang giữ hợp pháp chiếc máy theo hợp đồng sửa chữa song vụ; chủ máy không trả tiền đến hạn. Cầm giữ trong trường hợp này gắn với tài sản nào?|Chiếc máy là đối tượng hợp đồng song vụ đang được giữ hợp pháp|Bất kỳ tài sản khác của chủ máy mà cơ sở tìm thấy|Tài sản riêng của chủ cơ sở sửa chữa|Một khoản tiền cơ sở tự gửi vào ngân hàng
T60-026|CC:5.3|Luật Công chứng hiện hành quy định thế nào về việc tuân thủ quy tắc đạo đức hành nghề công chứng?|Là một nguyên tắc hành nghề công chứng|Chỉ là khuyến nghị tự nguyện, không phải nguyên tắc|Chỉ áp dụng khi công chứng viên làm việc tại Phòng công chứng|Chỉ áp dụng sau khi đã bị xử lý kỷ luật
T60-027|DS:630.5|Để di chúc miệng được coi hợp pháp, ngoài điều kiện chung, chuỗi thủ tục nào đúng?|Ít nhất 2 người làm chứng; ghi chép ngay và cùng ký hoặc điểm chỉ; xác nhận chữ ký hoặc điểm chỉ trong 5 ngày làm việc|Chỉ cần ít nhất 2 người nghe, không cần ghi chép|Ghi chép trong 30 ngày và xác nhận khi mở thừa kế|Chỉ cần 1 người làm chứng nếu người đó là người thừa kế
T60-030|DS:51.1|Việc giám sát giám hộ liên quan đến quản lý tài sản của người được giám hộ. Người giám sát phải đăng ký ở đâu theo BLDS?|UBND cấp xã nơi người được giám hộ cư trú|Sở Tư pháp nơi người giám sát làm việc|UBND cấp xã nơi người giám hộ có bất kỳ tài sản nào|Không phải đăng ký khi người giám sát là người thân
T60-031|DS:59.1|Người giám hộ muốn bán tài sản có giá trị lớn của người được giám hộ để phục vụ lợi ích người đó. Điều kiện kiểm soát nào được BLDS yêu cầu?|Có sự đồng ý của người giám sát việc giám hộ|Chỉ cần người giám hộ thấy giá bán hợp lý|Chỉ cần người mua cam kết sử dụng đúng mục đích|Không bao giờ được bán dù vì lợi ích người được giám hộ
T60-032|DS:61.2|Khi thay đổi người giám hộ, việc chuyển giao giám hộ phải có sự chứng kiến của ai theo BLDS?|Cơ quan cử, chỉ định người giám hộ và người giám sát việc giám hộ|Bất kỳ người hàng xóm nào thay người giám sát|Chỉ công chứng viên, người giám sát không cần tham gia|Chỉ người giám hộ mới tự lập biên bản là đủ
T60-033|DS:248.1;DS:248.2|Chủ bất động sản hưởng quyền yêu cầu sử dụng bất động sản bên cạnh vượt quá nhu cầu hợp lý và gây thiệt hại không cần thiết. Nguyên tắc nào cần áp dụng?|Không lạm dụng quyền; bảo đảm nhu cầu hợp lý phù hợp mục đích sử dụng cả hai bất động sản|Mọi nhu cầu của bên hưởng quyền đều được ưu tiên tuyệt đối|Chủ bất động sản chịu hưởng quyền có thể cấm mọi việc sử dụng dù quyền đã hợp pháp|Chỉ xét lợi ích bên có giấy chứng nhận được cấp trước
T60-036|NHA:2.2;NHA:2.3|Trong các loại nhà sau, loại nào không thuộc nhà ở riêng lẻ theo Luật Nhà ở?|Căn hộ trong nhà chung cư|Nhà biệt thự trên thửa đất ở riêng biệt|Nhà liền kề trên thửa đất ở riêng biệt|Nhà ở độc lập trên thửa đất ở riêng biệt
T60-037|DAT:3.12|Một người thế chấp quyền sử dụng đất hợp pháp. Nhận định nào đúng về việc chuyển quyền sử dụng đất?|Thế chấp không tự chuyển quyền sử dụng đất sang bên nhận thế chấp|Quyền sử dụng đất chuyển ngay khi ký thế chấp|Quyền sử dụng đất chuyển ngay khi công chứng thế chấp|Quyền sử dụng đất chuyển ngay khi đăng ký thế chấp, kể cả chưa xử lý tài sản
T60-038|NHA:2.22|Theo định nghĩa thuê mua nhà ở, nếu bên thuê mua có điều kiện thanh toán trước cao hơn mức thông thường thì giới hạn tiền thanh toán trước là gì?|Không quá 50% giá trị nhà ở thuê mua|Không quá 70% giá trị nhà ở thuê mua|Phải thanh toán trước 100% giá trị nhà ở|Không có giới hạn vì do các bên tự thỏa thuận
T60-039|NHA:20.2.c|Cá nhân nước ngoài kết hôn với công dân Việt Nam đang sinh sống tại Việt Nam, đáp ứng điều kiện mua nhà. Cơ chế sở hữu nào được áp dụng?|Có quyền sở hữu nhà ở và quyền của chủ sở hữu như công dân Việt Nam|Luôn bị giới hạn 50 năm, không xét tình trạng kết hôn|Chỉ được thuê nhà, không được sở hữu|Chỉ được sở hữu nếu từ bỏ quốc tịch nước ngoài
T60-041|HN:98.1|Trong mang thai hộ vì mục đích nhân đạo, bên nhờ có nghĩa vụ gì đối với chi phí chăm sóc sức khỏe sinh sản của bên mang thai hộ?|Chi trả chi phí thực tế theo quy định|Chỉ trả một khoản tượng trưng do mình tự chọn|Không có nghĩa vụ vì mang thai hộ là nhân đạo|Trả tiền công mang thai thay cho mọi chi phí thực tế
T60-042|NHA:17.2.b|Tổ chức nước ngoài thuộc diện được sở hữu nhà tại Việt Nam, dự án đáp ứng điều kiện. Hình thức nào trong các lựa chọn không tự làm phát sinh quyền sở hữu nhà ở?|Thuê nhà ở|Mua nhà ở thương mại trong dự án đủ điều kiện|Thuê mua nhà ở thương mại trong dự án đủ điều kiện|Nhận tặng cho nhà ở thương mại trong dự án đủ điều kiện
T60-043|NHA:17.2.b|Đối tượng nước ngoài thuộc diện luật định được mua loại nhà nào trong dự án không thuộc khu vực cần bảo đảm quốc phòng, an ninh?|Nhà ở thương mại, gồm căn hộ chung cư và nhà ở riêng lẻ|Chỉ căn hộ chung cư, tuyệt đối không có nhà ở riêng lẻ|Mọi nhà ở bất kỳ bên ngoài dự án, không xét điều kiện|Chỉ nhà ở xã hội cho thuê
T60-051|DAT:3.5|Bồi thường về đất theo định nghĩa Luật Đất đai là gì?|Nhà nước trả lại giá trị quyền sử dụng đất của diện tích thu hồi cho người có đất thu hồi|Nhà nước trả giá mua mọi tài sản của người có đất thu hồi|Chỉ bố trí một chỗ ở mới, không liên quan giá trị quyền sử dụng đất|Khoản phạt Nhà nước trả khi thu hồi đất
T60-052|DAT:3.44|Theo định nghĩa của Luật Đất đai, tiền sử dụng đất gắn với các trường hợp nào?|Giao đất có thu tiền, cho phép chuyển mục đích và công nhận quyền sử dụng đất khi phải nộp theo quy định|Chỉ thuê đất trả tiền hằng năm|Mọi giao dịch thế chấp quyền sử dụng đất|Mọi lần cấp đổi giấy chứng nhận đều phải nộp tiền sử dụng đất
T60-053|DAT:3.21|Giấy chứng nhận quyền sử dụng đất, quyền sở hữu tài sản gắn liền với đất có bản chất pháp lý nào?|Chứng thư pháp lý xác nhận quyền hợp pháp đối với đất và tài sản gắn liền với đất|Một loại tài sản độc lập mà ai cầm giữ cũng được sở hữu đất|Bản án giải quyết mọi tranh chấp đất đai|Chứng từ duy nhất quyết định giá thị trường của đất
T60-054|DAT:3.25|Khi nhận diện hộ gia đình sử dụng đất theo Luật Đất đai hiện hành, yếu tố thời điểm nào không được bỏ qua?|Có quyền sử dụng đất chung tại thời điểm xác lập quyền trước ngày Luật có hiệu lực theo định nghĩa luật định|Chỉ cần cùng đăng ký thường trú trong tháng 10/2026|Chỉ cần hiện tại có quan hệ huyết thống, không xét thời điểm có quyền chung|Chỉ cần người chủ hộ đang đứng tên bất kỳ thửa đất nào
T60-060|DAT:13|Đâu là hình thức Nhà nước trao quyền sử dụng đất theo Luật Đất đai?|Giao đất, cho thuê đất và công nhận quyền sử dụng đất|Chuyển nhượng đất giữa hai cá nhân|Tặng cho đất giữa cha mẹ và con|Thế chấp đất để vay tiền
T60-062|NHA:179.1.b|Một chủ sở hữu muốn góp vốn bằng căn nhà sẽ xây trong tương lai. Chỉ xét điều kiện nhà ở để góp vốn tại khoản 1 Điều 179, nhận định nào đúng?|Chưa đáp ứng vì nhà ở góp vốn phải là nhà có sẵn và đáp ứng điều kiện luật định|Được góp vốn vì mọi nhà hình thành tương lai đều được dùng góp vốn theo Điều 179|Được góp vốn nếu có bản vẽ nhưng chưa xây|Được góp vốn nếu người nhận vốn cùng là người thân
T60-066|HN:38.2|Vợ chồng thỏa thuận chia một phần tài sản chung trong thời kỳ hôn nhân. Yêu cầu về hình thức của thỏa thuận theo Luật HNGĐ là gì?|Lập thành văn bản; công chứng theo yêu cầu hoặc khi pháp luật bắt buộc|Chỉ cần nói miệng trước người thân|Mọi trường hợp đều không được công chứng|Chỉ được lập khi đã nộp đơn ly hôn
T60-068|DS:337|Bên bảo lãnh và bên được bảo lãnh đã có thỏa thuận hợp pháp về thù lao cho việc bảo lãnh. Theo BLDS, nhận định nào đúng?|Bên bảo lãnh được hưởng thù lao theo thỏa thuận|Bảo lãnh luôn miễn phí, thỏa thuận thù lao vô hiệu|Chỉ được hưởng thù lao khi bên được bảo lãnh đã vi phạm|Thù lao mặc nhiên do Nhà nước ấn định trong mọi bảo lãnh
T60-069|DN:55.2.d|Công ty TNHH hai thành viên trở lên có điều lệ quy định HĐTV thông qua hợp đồng bán tài sản từ 40% tổng tài sản. Hợp đồng bán có giá trị 45% theo báo cáo gần nhất. Nhận định nào đúng?|Thuộc HĐTV thông qua vì điều lệ được đặt ngưỡng thấp hơn 50%|Giám đốc tự quyết vì chưa đạt 50%|Điều lệ đặt ngưỡng thấp hơn 50% luôn vô hiệu|Chỉ phải thông qua khi đạt đúng 100% tổng tài sản
T60-071|DAT:4|Chủ thể nào sau đây không thuộc danh mục người sử dụng đất theo Điều 4 Luật Đất đai?|Cá nhân nước ngoài|Cá nhân trong nước|Tổ chức nước ngoài có chức năng ngoại giao theo luật định|Tổ chức kinh tế có vốn đầu tư nước ngoài
T60-073|DS:492.2|Khai thác tài sản thuê khoán là nguồn sống duy nhất của bên thuê; bên thuê đã vi phạm nghĩa vụ nhưng việc tiếp tục thuê khoán không ảnh hưởng nghiêm trọng lợi ích bên cho thuê, và bên thuê cam kết không tiếp tục vi phạm. Bên cho thuê có được đơn phương chấm dứt theo khoản 2 Điều 492 không?|Không được đơn phương chấm dứt trong bối cảnh đó|Được đơn phương chấm dứt bất cứ lúc nào nếu báo trước 3 ngày|Được đơn phương chấm dứt vì nguồn sống của bên thuê không liên quan|Được đơn phương chấm dứt nếu có người khác trả giá thuê cao hơn
T60-074|DS:479.1|Bên thuê trả tài sản đúng hạn; tài sản có hao mòn tự nhiên do sử dụng bình thường. Riêng phần hao mòn tự nhiên được xử lý thế nào theo BLDS?|Bên thuê không phải chịu trách nhiệm|Bên thuê luôn phải trả tiền như tài sản bị phá hỏng|Bên thuê phải mua tài sản mới thay thế|Bên thuê mất toàn bộ tiền đặt cọc dù không có hư hỏng khác
T60-075|DS:137.1|Đâu là một căn cứ xác định người đại diện theo pháp luật của pháp nhân trong tố tụng?|Người do Tòa án chỉ định trong quá trình tố tụng tại Tòa án|Bất kỳ người đang giữ con dấu của pháp nhân|Người có khoản cho pháp nhân vay lớn nhất|Bất kỳ thành viên nào tự nhận là người đại diện
T60-076|DS:265|Trường hợp nào không thuộc căn cứ chấm dứt quyền hưởng dụng được liệt kê tại Điều 265?|Sở Tư pháp tùy ý ra quyết định chấm dứt, không có căn cứ luật|Hết thời hạn quyền hưởng dụng|Tài sản là đối tượng quyền hưởng dụng không còn|Người hưởng dụng trở thành chủ sở hữu tài sản
T60-077|DS:451.1|Theo quy tắc chung của BLDS, tài sản có thể được bán đấu giá trên căn cứ nào?|Ý chí của chủ sở hữu hoặc quy định của pháp luật|Chỉ ý chí của người đang giữ tài sản, dù không được ủy quyền|Chỉ khi bên mua yêu cầu|Chỉ khi tài sản đã bị tịch thu
T60-078|DS:564.1.a|Bên được ủy quyền muốn ủy quyền lại. Bên ủy quyền đã đồng ý; phạm vi, hình thức và điều kiện khác đều phù hợp. Nhận định nào đúng?|Có thể ủy quyền lại theo điều kiện luật định|Không bao giờ được ủy quyền lại|Chỉ được ủy quyền lại nếu tài sản không có giá trị|Chỉ được ủy quyền lại khi cả hai bên cùng là pháp nhân
T60-079|DN:35.3|Một người góp vốn bằng tài sản vào công ty đã được cấp giấy chứng nhận phần vốn góp nhưng quyền sở hữu hợp pháp chưa chuyển sang công ty. Chỉ xét Điều 35, việc góp vốn đã thanh toán xong chưa?|Chưa; phải chuyển quyền sở hữu hợp pháp sang công ty|Đã xong vì có giấy chứng nhận phần vốn góp|Đã xong vì đã ký biên bản định giá|Đã xong ngay khi gửi hồ sơ đăng ký công ty
T60-080|DS:630.3|Người lập di chúc không biết chữ. Yêu cầu hình thức đặc thù theo khoản 3 Điều 630 là gì?|Người làm chứng lập thành văn bản và có công chứng hoặc chứng thực|Chỉ cần người lập điểm chỉ vào bản tự viết, không cần công chứng hay chứng thực|Chỉ cần ghi âm ý chí và lưu trong điện thoại|Chỉ cần một người thừa kế ký xác nhận
T60-081|DN:75.4|Chủ sở hữu công ty TNHH một thành viên không góp đủ vốn đúng hạn và gây thiệt hại. Phạm vi trách nhiệm đối với thiệt hại này theo khoản 4 Điều 75 là gì?|Toàn bộ tài sản của chủ sở hữu|Chỉ trong số vốn đã thực góp|Chỉ trong số vốn chưa góp, dù thiệt hại cao hơn|Không chịu trách nhiệm sau khi đăng ký giảm vốn
T60-082|DN:213.3|Chi nhánh chấm dứt hoạt động nhưng còn nợ thuế và nghĩa vụ với người lao động. Ai chịu trách nhiệm xử lý theo Luật Doanh nghiệp?|Doanh nghiệp có chi nhánh thực hiện hợp đồng, trả nợ và giải quyết quyền lợi người lao động|Các nghĩa vụ tự mất đi khi chi nhánh chấm dứt|Chỉ trưởng chi nhánh trả bằng tài sản riêng trong mọi trường hợp|Cơ quan đăng ký kinh doanh phải dùng ngân sách trả thay
T60-083|DN:79.3|Công ty TNHH một thành viên do tổ chức làm chủ sở hữu, tổ chức theo mô hình Chủ tịch công ty và Giám đốc; điều lệ không quy định người đại diện theo pháp luật. Ai là người đại diện mặc định?|Chủ tịch công ty|Giám đốc trong mọi trường hợp|Kế toán trưởng|Người nắm giữ con dấu
T60-084|DS:312.4|Bên cầm cố muốn tặng cho tài sản cầm cố. Trong tình huống không có quy định pháp luật khác, điều kiện nào phù hợp?|Được bên nhận cầm cố đồng ý|Chỉ cần người nhận tặng cho đồng ý|Chỉ cần thông báo sau khi đã tặng cho|Không được tặng cho trong bất kỳ trường hợp nào kể cả chủ nợ đồng ý
T60-085|ND21:10.4|Có thể áp dụng cơ chế bảo đảm bằng tài sản hình thành trong tương lai đối với quyền sử dụng đất theo khoản 4 Điều 10 NĐ21/2021 không?|Không; quy định này không áp dụng đối với quyền sử dụng đất|Có; áp dụng cho mọi loại tài sản không có ngoại lệ|Có; chỉ cần đất nằm trong dự án|Có; chỉ cần đã nộp đơn xin giao đất
T60-086|DS:373|Bên có nghĩa vụ đã thực hiện một phần; bên có quyền miễn thực hiện toàn bộ phần còn lại. Tình trạng nghĩa vụ theo Điều 373 là gì?|Được coi là đã hoàn thành|Luôn còn tồn tại vì chưa thực hiện toàn bộ bằng thực tế|Chỉ tạm ngừng, phải thực hiện lại khi bên có quyền đổi ý|Tự chuyển thành nghĩa vụ bồi thường
T60-088|DS:165.1;DS:245|Một người có quyền hợp pháp về lối đi qua thửa đất bên cạnh. Riêng quyền này có tự tạo căn cứ chiếm hữu toàn bộ thửa đất bên cạnh không?|Không; quyền đối với bất động sản liền kề không đồng nghĩa quyền chiếm hữu cả thửa đất|Có; người có lối đi trở thành chủ sở hữu thửa đất chịu hưởng quyền|Có; được quản lý mọi công trình trên thửa đất bên cạnh|Có; được giữ giấy chứng nhận của chủ đất bên cạnh
T60-089|DS:170|Ai có quyền yêu cầu bồi thường khi quyền sở hữu hoặc quyền khác đối với tài sản của mình bị xâm phạm?|Chủ sở hữu hoặc người có quyền khác đối với tài sản bị xâm phạm|Chỉ người đang cầm giữ giấy chứng nhận, bất kể quyền|Chỉ cơ quan quản lý nhà nước|Chỉ người được lợi từ tài sản mà không có quyền hợp pháp
T60-090|DS:347.1|Quyền cầm giữ tài sản trong quan hệ đủ điều kiện cầm giữ phát sinh khi nào?|Nghĩa vụ đến hạn không được thực hiện hoặc thực hiện không đúng|Ngay khi các bên bắt đầu đàm phán|Chỉ khi đã hết thời hiệu khởi kiện|Chỉ sau khi bên có nghĩa vụ tuyên bố từ bỏ sở hữu
T60-091|LD:20.2.c|Người lao động không thuộc bất kỳ ngoại lệ được ký nhiều hợp đồng xác định thời hạn. Sau hợp đồng xác định thời hạn đầu tiên, hai bên muốn tiếp tục hợp tác. Theo quy tắc chung, được ký thêm mấy hợp đồng xác định thời hạn?|Chỉ thêm 1 hợp đồng, sau đó nếu tiếp tục làm việc thì phải ký không xác định thời hạn|Thêm không giới hạn nếu người lao động đồng ý|Thêm 3 hợp đồng rồi mới phải chuyển|Không được ký thêm bất kỳ hợp đồng xác định thời hạn nào
T60-092|LD:13.1|Một thỏa thuận mang tên hợp đồng cộng tác nhưng có việc làm được trả công, tiền lương và sự quản lý, điều hành, giám sát của một bên. Theo Bộ luật Lao động, nhận định nào đúng?|Vẫn được coi là hợp đồng lao động|Không thể là hợp đồng lao động vì tên khác|Chỉ là hợp đồng lao động khi có công chứng|Chỉ là hợp đồng lao động nếu thời hạn trên 12 tháng
T60-094|LD:18.2|Nhóm người lao động đều đủ 18 tuổi làm công việc mùa vụ dưới 12 tháng muốn ủy quyền một người trong nhóm ký hợp đồng lao động. Điều kiện hình thức nào phù hợp?|Hợp đồng bằng văn bản kèm danh sách và chữ ký người lao động theo luật|Chỉ cần người đại diện ký, không cần danh sách nhóm|Phải lập hợp đồng riêng cho từng người, pháp luật không cho ủy quyền|Chỉ cần nói miệng với người sử dụng lao động
T60-096|DAT:27.2.b|Một nhóm có quyền sử dụng đất chung không phân chia được theo phần. Cách thực hiện quyền phù hợp là gì?|Nhóm cùng thực hiện hoặc ủy quyền người đại diện thực hiện theo luật|Mỗi người tự bán toàn bộ thửa đất|Ai đang giữ giấy chứng nhận tự quyết định mọi giao dịch|Chỉ chủ hộ được thực hiện, không thể ủy quyền người khác
T60-097|CC:50.3|Người yêu cầu công chứng không biết ký. Theo quy định về ký, điểm chỉ, biện pháp thay việc ký là gì?|Điểm chỉ theo quy định|Bất kỳ người thân nào ký thay mà không xét đại diện|Công chứng viên tự viết chữ ký của người yêu cầu|Bỏ trống phần ký và điểm chỉ vì đã xuất trình giấy tờ
T60-099|DN:127.1|Điều lệ công ty cổ phần hạn chế chuyển nhượng cổ phần. Theo khoản 1 Điều 127, yêu cầu để hạn chế trong điều lệ có hiệu lực là gì?|Được nêu rõ trong cổ phiếu của cổ phần tương ứng|Chỉ cần trao đổi miệng trong cuộc họp|Chỉ cần Giám đốc biết, cổ đông không cần được thể hiện trên cổ phiếu|Chỉ cần người mua cổ phần là người ngoài công ty
T60-100|DS:231.2|Người bắt được gia súc thất lạc đã nuôi giữ đúng luật; gia súc sinh con và chủ sở hữu nhận lại gia súc. Theo khoản 2 Điều 231, người này được hưởng gì?|Một nửa số gia súc sinh ra hoặc 50% giá trị số gia súc sinh ra|Toàn bộ con mẹ và con sinh ra ngay khi bắt được|Một nửa con mẹ nhưng không được hưởng con sinh ra|Không được hưởng bất kỳ con sinh ra nào
SEP24-005|DN:180.1|Thành viên hợp danh được tất cả thành viên hợp danh còn lại đồng ý cho làm chủ doanh nghiệp tư nhân. Riêng sự đồng ý này có khắc phục giới hạn tại khoản 1 Điều 180 không?|Không; ngoại lệ đồng ý liên quan việc làm thành viên hợp danh của công ty khác, không mở quyền làm chủ DNTN|Có; sự nhất trí loại bỏ mọi hạn chế tại Điều 180|Có; nhưng chỉ khi DNTN kinh doanh ngành nghề khác|Có; nếu thành viên đó góp vốn thấp hơn các thành viên khác
SEP24-006|DAT:44.2.b|Người gốc Việt Nam định cư ở nước ngoài thuộc khoản 1 Điều 44 tặng cho nhà gắn với đất ở cho một người không được sở hữu nhà ở tại Việt Nam. Quyền người nhận được xác định thế nào?|Chỉ hưởng giá trị nhà gắn với đất, không được cấp giấy chứng nhận quyền đất và tài sản theo trường hợp này|Được cấp giấy chứng nhận như cá nhân trong nước vì là tặng cho|Được cấp giấy chứng nhận nếu được miễn thuế tặng cho|Đương nhiên được sở hữu nhà và đất lâu dài vì bên tặng đủ điều kiện
SEP24-008|DAT:44.2.c|Người gốc Việt Nam định cư ở nước ngoài thuộc khoản 1 Điều 44 hỏi liệu pháp luật có loại trừ tuyệt đối quyền góp vốn bằng quyền sử dụng đất ở của họ không. Nhận định nào đúng?|Không; điểm c khoản 2 cho phép góp vốn theo quy định của Luật Đất đai|Có; mọi người gốc Việt ở nước ngoài đều bị cấm góp vốn bằng quyền đất ở|Có; chỉ được chuyển nhượng, không bao giờ được góp vốn|Có; góp vốn chỉ được thực hiện bằng tiền mặt
SEP24-012|TS:9.1.g;TS:9.6|Người tập sự bị áp dụng biện pháp xử lý hành chính và chấm dứt tập sự theo điểm g khoản 1 Điều 9. Khi đủ điều kiện đăng ký lại, thời gian tập sự trước khi chấm dứt có được tính không?|Không được tính vào thời gian tập sự|Được tính toàn bộ như tạm ngừng hợp lệ|Được tính một nửa vì đã từng tập sự|Được tính nếu công chứng viên hướng dẫn cũ đồng ý
SEP24-013|DAT:37.2.c|Cá nhân thuê đất Nhà nước trả tiền hằng năm muốn tặng cho quyền thuê cùng tài sản thuộc sở hữu của mình gắn với đất. Điều 37 có loại trừ tuyệt đối giao dịch này không?|Không; khoản 2 cho phép tặng cho tài sản gắn liền với đất và quyền thuê theo điều kiện luật định|Có; mọi quyền thuê trả hằng năm đều không được tặng cho cùng tài sản|Có; chỉ thừa kế mới được tiếp tục thuê, tặng cho luôn bị cấm|Có; tặng cho chỉ được phép nếu trả tiền thuê một lần cho cả thời hạn
SEP24-018|DAT:133.1.a|Đất đã được cấp giấy chứng nhận; người sử dụng thực hiện chuyển nhượng dự án có sử dụng đất. Theo danh mục tại khoản 1 Điều 133, có thuộc trường hợp đăng ký biến động không?|Có; chuyển nhượng dự án có sử dụng đất nằm trong danh mục|Không; chỉ chuyển nhượng đất giữa cá nhân mới phải đăng ký|Không; công chứng đã thay toàn bộ đăng ký biến động|Không; chỉ đăng ký nếu chủ đầu tư tự nguyện yêu cầu
SEP24-031|DAT:172.1.b|Cá nhân hết thời hạn thuê đất nông nghiệp thuộc điểm b khoản 1 Điều 172 và vẫn có nhu cầu sử dụng. Cách xử lý nào phù hợp?|Được Nhà nước xem xét tiếp tục cho thuê nhưng không quá 50 năm|Tự động sở hữu đất vĩnh viễn|Tự động tiếp tục thuê thêm 99 năm không cần xem xét|Bắt buộc chuyển thành giao đất không thu tiền
SEP24-035|CC:30.5|Công chứng viên chuyển nhượng toàn bộ phần vốn góp trong trường hợp Điều 30 và chấm dứt tư cách hợp danh. Trong 2 năm tiếp theo, đối với nợ Văn phòng phát sinh khi còn là thành viên, trách nhiệm nào vẫn tồn tại?|Liên đới chịu trách nhiệm bằng toàn bộ tài sản theo khoản 5 Điều 30|Chỉ chịu trách nhiệm trong số vốn đã chuyển nhượng|Không còn trách nhiệm ngay khi nhận tiền chuyển nhượng|Chỉ chịu trách nhiệm nếu chủ nợ phản đối việc chuyển nhượng
SEP24-039|TS:13.1|Công chứng viên được phân công hướng dẫn tập sự nhưng biết mình không đủ điều kiện hướng dẫn theo luật. Nghĩa vụ phù hợp theo TT06/2025 là gì?|Từ chối hướng dẫn tập sự|Tiếp tục hướng dẫn nếu người tập sự đồng ý|Chỉ từ chối khi Sở Tư pháp đã xử phạt|Được tự nhận hướng dẫn nếu không thu tiền
SEP24-046|CC:34.3|Văn phòng công chứng bị thu hồi quyết định cho phép thành lập. Theo khoản 3 Điều 34, Sở Tư pháp phải thu hồi giấy đăng ký hoạt động trong thời hạn nào kể từ quyết định đó?|7 ngày làm việc|Ngay đồng thời, luật không cho thời hạn nào|5 ngày làm việc|60 ngày
SEP24-047|CC:17.3.a|Công chứng viên bị miễn nhiệm do bị kết án về tội phạm do cố ý; sau đó đã được xóa án tích. Riêng việc xóa án tích có làm họ được bổ nhiệm lại theo Điều 17 không?|Không; trường hợp tội phạm do cố ý vẫn bị loại kể cả đã xóa án tích|Có; xóa án tích tự động khôi phục chức danh|Có; chỉ cần chờ đủ 2 năm, không xét căn cứ miễn nhiệm|Có; nếu được Văn phòng công chứng nhận làm việc
SEP24-048|CC:9.1.c|Công chứng viên được yêu cầu công chứng giao dịch liên quan đến tài sản của con rể mình. Giao dịch hợp pháp và các bên đồng ý để công chứng viên thực hiện. Cách xử lý đúng là gì?|Không thực hiện do quan hệ con rể thuộc danh mục bị cấm|Được thực hiện vì các bên đồng ý|Được thực hiện nếu không thu phí|Được thực hiện nếu con rể không sống cùng công chứng viên
T60-002|DS:303.1;ND21:22.3|Các bên thỏa thuận rút bớt một tài sản khỏi hợp đồng bảo đảm. Riêng việc rút bớt này có phải một phương thức xử lý tài sản cầm cố, thế chấp tại Điều 303 không?|Không; đây là thay đổi phạm vi tài sản bảo đảm, khác xử lý tài sản để thực hiện nghĩa vụ|Có; luôn đồng nghĩa bán đấu giá tài sản|Có; luôn đồng nghĩa chủ nợ nhận tài sản thay trả nợ|Có; luôn đồng nghĩa bên nhận bảo đảm tự bán tài sản
T60-004|DS:623.1|Đã hết thời hiệu yêu cầu chia di sản theo Điều 623; không có căn cứ không tính thời gian, bắt đầu lại hay ngoại lệ khác. Một người thừa kế đang quản lý di sản. Di sản thuộc về ai theo quy tắc này?|Người thừa kế đang quản lý di sản đó|Nhà nước trong mọi trường hợp|Người có thu nhập thấp nhất trong gia đình|Chia đều cho mọi người bất kể việc hết thời hiệu
T60-017|NHA:89.2.a|Trong thuê mua nhà ở xã hội, thời hạn thanh toán tiền thuê mua tối thiểu kể từ ngày ký hợp đồng là bao lâu?|5 năm|1 năm|3 năm|10 năm
T60-029|DS:491|Các bên thuê khoán gia súc không có thỏa thuận khác. Gia súc sinh con trong hạn thuê và có thiệt hại do bất khả kháng. Quy tắc mặc định của BLDS là gì?|Bên thuê hưởng nửa số gia súc sinh ra và chịu nửa thiệt hại do bất khả kháng|Bên thuê hưởng toàn bộ con sinh ra, không chịu thiệt hại nào|Bên cho thuê hưởng toàn bộ con sinh ra, bên thuê chịu mọi thiệt hại|Bên thuê hưởng nửa con mẹ và toàn bộ con sinh ra
T60-044|LD:49.2|Một điều khoản của hợp đồng lao động vi phạm pháp luật nhưng không ảnh hưởng các phần còn lại. Theo Điều 49, phạm vi vô hiệu là gì?|Vô hiệu từng phần|Luôn vô hiệu toàn bộ|Không thể vô hiệu vì hai bên đã ký|Chỉ vô hiệu khi người sử dụng lao động tự nguyện thừa nhận
T60-050|DAT:47|Hai cá nhân có đất nông nghiệp do nguồn gốc thuộc Điều 47, muốn chuyển đổi đất giữa hai xã khác nhau nhưng cùng một tỉnh. Riêng yếu tố khác xã có làm giao dịch bị cấm theo Điều 47 hiện hành không?|Không; phạm vi luật định là cùng đơn vị hành chính cấp tỉnh, vẫn phải đáp ứng điều kiện khác|Có; chỉ được chuyển đổi trong cùng một xã|Có; chỉ được chuyển đổi trong cùng một thôn|Có; chỉ được chuyển đổi nếu cùng hộ gia đình
T60-057|DAT:10.1|Đất chưa được cấp giấy chứng nhận. Văn bản nào trong các lựa chọn là một căn cứ xác định loại đất tại khoản 1 Điều 10?|Quyết định giao đất của cơ quan có thẩm quyền|Hóa đơn mua vật liệu xây nhà|Hợp đồng vay tiền có ghi địa chỉ thửa đất|Cam kết đơn phương của người thuê về loại đất
T60-063|NHA:188;DS:569.1|Ủy quyền quản lý nhà ở có thù lao. Bên ủy quyền muốn đơn phương chấm dứt hợp đồng. Theo quy tắc dân sự được Luật Nhà ở dẫn chiếu, nghĩa vụ nào phù hợp?|Trả thù lao tương ứng công việc đã làm và bồi thường thiệt hại theo luật|Không bao giờ được đơn phương chấm dứt|Luôn được chấm dứt mà không trả thù lao phần đã làm|Chỉ được chấm dứt khi nhà bị sập hoàn toàn
T60-064|HN:24.2|Giao dịch về tài sản theo luật cần sự đồng ý của cả hai vợ chồng. Một người muốn ủy quyền hợp lệ cho người kia xác lập, thực hiện giao dịch. Luật HNGĐ có cho phép cơ chế này không?|Có; vợ chồng có thể ủy quyền cho nhau theo luật|Không; vợ chồng tuyệt đối không được đại diện theo ủy quyền cho nhau|Chỉ cho phép khi đã có đơn ly hôn|Chỉ cho phép khi người được ủy quyền là công chứng viên
T60-065|ND21:20.2.a|Một bên thứ ba muốn đầu tư vào tài sản đang thế chấp. Theo điểm a khoản 2 Điều 20 NĐ21/2021, cần sự đồng ý của ai?|Bên nhận thế chấp|Chỉ bên thuê tài sản, không cần bên nhận thế chấp|Chỉ người thứ ba tự quyết|Chỉ cơ quan thuế thay cho bên nhận thế chấp
T60-067|DS:339.3|Bên nhận bảo lãnh có thể bù trừ nghĩa vụ với bên được bảo lãnh. Theo khoản 3 Điều 339, bên bảo lãnh có phải thực hiện nghĩa vụ bảo lãnh trong trường hợp này không?|Không phải thực hiện nghĩa vụ bảo lãnh trong trường hợp đó|Luôn phải trả toàn bộ trước rồi mới xét bù trừ|Phải trả ít nhất một nửa nghĩa vụ|Chỉ được miễn nếu đã được công chứng viên xác nhận bù trừ
T60-093|LD:16.2|Khi giao kết hợp đồng lao động, người sử dụng không yêu cầu cung cấp tình trạng hôn nhân và thông tin này không liên quan trực tiếp đến việc giao kết. Theo khoản 2 Điều 16, có thể coi không tự cung cấp thông tin đó là vi phạm nghĩa vụ không?|Không; phải đọc đúng nhóm thông tin và yêu cầu liên quan trực tiếp theo luật|Có; mọi thông tin đời tư đều bắt buộc tự khai|Có; trừ khi người lao động chưa đủ 18 tuổi|Có; nếu hợp đồng có thời hạn trên 12 tháng
T60-095|LD:18.4.b|Người lao động 16 tuổi tự giao kết hợp đồng lao động; chỉ xét yêu cầu đồng ý của đại diện theo khoản 4 Điều 18. Điều kiện nào đúng?|Có sự đồng ý bằng văn bản của người đại diện theo pháp luật|Chỉ cần đồng ý miệng của bất kỳ anh chị nào|Không cần đồng ý vì đã trên 15 tuổi|Bắt buộc người giám hộ ký thay trong mọi trường hợp dù cha mẹ là đại diện
SEP24-014|DAT:37.1.đ;DAT:3.37|Cá nhân thuê đất Nhà nước trả tiền một lần cho cả thời gian thuê, muốn lập di chúc đối với quyền đất và tài sản của mình. Cách phân biệt đúng với thuê trả tiền hằng năm là gì?|Có quyền để thừa kế quyền sử dụng đất theo điều kiện luật, không gọi đó là quyền thuê hình thành do trả tiền hằng năm|Chỉ được để thừa kế tiền đã trả, không có quyền đối với đất|Mọi hình thức thuê đều chỉ để lại quyền thuê trả hằng năm|Không được để thừa kế bất kỳ tài sản nào trên đất thuê
SEP24-015|DAT:118.5|Cộng đồng dân cư được giao đất nông nghiệp theo khoản 5 Điều 118. Hình thức thu tiền sử dụng đất theo điều khoản này là gì?|Giao đất không thu tiền sử dụng đất|Luôn giao đất có thu tiền|Chỉ thuê trả tiền hằng năm, không được giao|Luôn thuê trả tiền một lần cho cả thời gian
SEP24-021|DAT:28.1.c|Tổ chức kinh tế có vốn đầu tư nước ngoài muốn nhận chuyển nhượng quyền sử dụng đất trong cụm công nghiệp, đáp ứng các điều kiện khác. Điều 28 có loại trừ khu vực này chỉ vì là cụm công nghiệp không?|Không; cụm công nghiệp được nêu tại điểm c khoản 1|Có; điểm c chỉ gồm khu công nghiệp và khu công nghệ cao|Có; chỉ cá nhân nước ngoài được nhận tại cụm công nghiệp|Có; chỉ cần tên cụm công nghiệp là phải từ chối mọi giao dịch
SEP24-029|CC:27.2|Thành viên hợp danh của Văn phòng công chứng muốn rút vốn. Ai có trách nhiệm thông báo yêu cầu rút vốn, và ai thông báo khi việc rút vốn hoàn thành?|Thành viên thông báo yêu cầu; Văn phòng thông báo việc hoàn thành cho Sở Tư pháp theo luật|Chỉ Văn phòng thông báo cả hai việc, thành viên không có nghĩa vụ thông báo|Chỉ thành viên thông báo cả hai việc, Văn phòng không có nghĩa vụ|Chỉ Hội công chứng viên thông báo thay tất cả
T60-018|NHA:78.2|Người thuộc khoản 6 Điều 76 có nhu cầu thuê nhà ở xã hội. Riêng điều kiện nhà ở và thu nhập tại khoản 1 Điều 78 có bắt buộc với hình thức thuê này không?|Không; trường hợp thuê thuộc khoản 2 không phải đáp ứng hai điều kiện đó|Có; mọi thuê, mua và thuê mua đều cùng điều kiện khoản 1|Có; trừ khi hợp đồng thuê chỉ kéo dài một tháng|Có; chỉ được miễn nếu chuyển sang mua nhà
T60-028|NHA:12.2;NHA:12.7|Hai cá nhân mua bán nhà có sẵn, không thuộc giao dịch giữa chủ đầu tư với người mua; hợp đồng có hiệu lực, không thỏa thuận khác về xác lập sở hữu. Mốc nào phù hợp?|Bên mua đã trả đủ tiền và đã nhận bàn giao nhà|Chỉ ký hợp đồng là sở hữu, dù chưa trả và chưa nhận|Chỉ trả tiền đặt cọc là đủ|Chỉ nhận bàn giao dù chưa trả đủ tiền
T60-056|DAT:8.2|Một dự án bảo vệ, cải tạo và xử lý đất bị ô nhiễm đúng pháp luật thuộc hướng đầu tư nào của Luật Đất đai?|Hoạt động được khuyến khích đầu tư vào sử dụng đất đai|Hành vi lấn đất bị cấm trong mọi trường hợp|Chỉ được khuyến khích nếu chuyển đất nông nghiệp thành đất ở|Không thuộc hướng khuyến khích vì không làm tăng diện tích đất
T60-058|DAT:82.2;DAT:82.5.e|Người sử dụng không còn nhu cầu và có văn bản tự nguyện trả lại đất. Có thể xếp vào căn cứ thu hồi nào theo Luật Đất đai?|Thu hồi do tự nguyện trả lại đất|Luôn là thu hồi do vi phạm, dù không có vi phạm|Luôn là thu hồi để thực hiện dự án quốc phòng|Không thể thu hồi vì chỉ người vi phạm mới bị thu hồi đất
T60-059|DAT:177.1;DAT:177.3|Một quy định địa phương dự kiến cho cá nhân nhận chuyển quyền đất nông nghiệp đến 20 lần hạn mức giao mỗi loại đất tại khoản 1, 2, 3 Điều 176. So với trần tại Điều 177, nhận định nào đúng?|Vượt trần luật định không quá 15 lần, địa phương phải quy định trong phạm vi luật|Hợp lệ vì địa phương được bỏ mọi trần của luật|Hợp lệ nếu người nhận đồng ý trả phí cao hơn|Chỉ vượt trần khi diện tích lớn hơn 100 lần hạn mức
T60-070|NHA:89.1.e|Người mua nhà ở xã hội đã thanh toán đủ tiền 6 năm, được cấp giấy chứng nhận và muốn bán lại. Theo điểm e khoản 1 Điều 89, cơ chế nào phù hợp?|Được bán theo cơ chế thị trường cho người có nhu cầu, thực hiện nghĩa vụ theo luật|Chỉ được bán cho chủ đầu tư với giá mua ban đầu dù đã quá 5 năm|Vĩnh viễn không được bán lại|Chỉ được cho thuê, không có quyền chuyển sở hữu
SEP24-037|KD:25.1|Chủ đầu tư bán nhà hình thành trong tương lai, đã nhận đặt cọc bằng 5% giá trị hợp đồng, nay muốn thu lần đầu thêm 30% giá trị hợp đồng. Chỉ xét trần thanh toán lần đầu, nhận định nào đúng?|Vượt trần; tổng lần đầu bao gồm đặt cọc không quá 30%, nên không thu thêm 30% sau đặt cọc 5%|Hợp lệ vì tiền đặt cọc không tính vào trần|Hợp lệ vì lần đầu phải ít nhất 30%|Hợp lệ nếu người mua tự nguyện, không có giới hạn
SEP24-042|KD:49.1;KD:49.2|Hai bên muốn áp dụng cơ chế chuyển nhượng hợp đồng tại Mục 2 Chương VI Luật Kinh doanh BĐS cho hợp đồng mua bán nhà ở xã hội. Kết luận nào đúng?|Không áp dụng cơ chế này đối với hợp đồng mua bán, thuê mua nhà ở xã hội|Luôn áp dụng như mua bán mọi nhà hình thành trong tương lai|Chỉ cần bên mua thanh toán 30% là áp dụng|Chỉ cần hợp đồng mua bán đã được công chứng là áp dụng
